2016,KWC1 2016,KWC2 2016,KWC3 2016,2017,KWC1 2017,KWC2 2017,KWC3 2017,2018,KWC1 2018,KWC2 2018,KWC3 2018,2019,KWC1 2019,KWC2 2019,KWC3 2019,2020,KWC1 2020,KWC2 2020,KWC3 2020,2021,KWC1 2021,KWC2 2021,KWC3 2021,2022,KWC1 2022,KWC2 2022,KWC3 2022
1/4/2016,6.34375,6.46875,6.625,1/3/2017,5.5625,5.71875,5.875,1/2/2018,5.4375,5.59375,5.8125,1/2/2019,6.6875,6.84375,6.96875,1/2/2020,6.3125,6.40625,6.5,1/4/2021,7.65625,7.71875,7.71875,1/3/2022,10.09375,10.09375,10.0625
1/5/2016,6.4375,6.5625,6.71875,1/4/2017,5.6875,5.8125,5.96875,1/3/2018,5.53125,5.6875,5.875,1/3/2019,6.78125,6.9375,7.09375,1/3/2020,6.1875,6.28125,6.375,1/5/2021,7.71875,7.75,7.78125,1/4/2022,10.21875,10.21875,10.1875
1/6/2016,6.5,6.625,6.75,1/5/2017,5.75,5.90625,6.03125,1/4/2018,5.5,5.65625,5.84375,1/4/2019,6.78125,6.90625,7.0625,1/6/2020,6.1875,6.28125,6.375,1/6/2021,7.65625,7.6875,7.71875,1/5/2022,10.03125,10.0625,10.03125
1/7/2016,6.53125,6.65625,6.8125,1/6/2017,5.75,5.875,6.03125,1/5/2018,5.4375,5.59375,5.78125,1/7/2019,6.6875,6.84375,6.96875,1/7/2020,6.1875,6.28125,6.375,1/7/2021,7.59375,7.65625,7.6875,1/6/2022,9.78125,9.8125,9.8125
1/8/2016,6.6875,6.84375,6.96875,1/9/2017,5.78125,5.9375,6.09375,1/8/2018,5.375,5.5625,5.75,1/8/2019,6.6875,6.84375,7,1/8/2020,6.25,6.34375,6.46875,1/8/2021,7.53125,7.59375,7.65625,1/7/2022,9.8125,9.8125,9.8125
1/11/2016,6.5625,6.71875,6.84375,1/10/2017,5.8125,5.96875,6.09375,1/9/2018,5.46875,5.625,5.84375,1/9/2019,6.6875,6.84375,6.96875,1/9/2020,6.40625,6.5,6.59375,1/11/2021,7.59375,7.65625,7.6875,1/10/2022,9.875,9.875,9.875
1/12/2016,6.84375,7,7.125,1/11/2017,5.6875,5.84375,6,1/10/2018,5.53125,5.6875,5.875,1/10/2019,6.59375,6.75,6.875,1/10/2020,6.46875,6.5625,6.65625,1/12/2021,7.90625,7.96875,7.96875,1/11/2022,9.96875,9.9375,9.90625
1/13/2016,6.8125,6.96875,7.125,1/12/2017,5.84375,6,6.15625,1/11/2018,5.5,5.6875,5.875,1/11/2019,6.6875,6.84375,6.96875,1/13/2020,6.4375,6.53125,6.625,1/13/2021,7.9375,8,8,1/12/2022,9.71875,9.75,9.75
1/14/2016,6.71875,6.875,7,1/13/2017,5.875,6.03125,6.1875,1/12/2018,5.3125,5.46875,5.65625,1/14/2019,6.625,6.78125,6.90625,1/14/2020,6.5,6.59375,6.6875,1/14/2021,8.03125,8.09375,8.09375,1/13/2022,9.5,9.53125,9.5625
1/15/2016,6.90625,7.03125,7.1875,1/17/2017,5.90625,6.0625,6.1875,1/16/2018,5.25,5.40625,5.625,1/15/2019,6.5625,6.71875,6.84375,1/15/2020,6.46875,6.5625,6.65625,1/15/2021,8.1875,8.21875,8.21875,1/14/2022,9.34375,9.40625,9.4375
1/19/2016,6.90625,7.03125,7.1875,1/18/2017,6,6.15625,6.3125,1/17/2018,5.3125,5.46875,5.6875,1/16/2019,6.5625,6.71875,6.84375,1/16/2020,6.3125,6.40625,6.53125,1/19/2021,8.1875,8.25,8.21875,1/18/2022,9.65625,9.6875,9.71875
1/20/2016,6.78125,6.9375,7.0625,1/19/2017,5.875,6.0625,6.21875,1/18/2018,5.34375,5.5,5.6875,1/17/2019,6.6875,6.84375,6.96875,1/17/2020,6.46875,6.5625,6.65625,1/20/2021,8.03125,8.09375,8.0625,1/19/2022,10,10.0625,10.09375
1/21/2016,6.71875,6.875,7,1/20/2017,5.90625,6.0625,6.21875,1/19/2018,5.34375,5.5,5.71875,1/18/2019,6.71875,6.84375,6.96875,1/21/2020,6.53125,6.625,6.71875,1/21/2021,8.03125,8.0625,8.0625,1/20/2022,9.96875,10,10.03125
1/22/2016,6.65625,6.78125,6.9375,1/23/2017,5.875,6.0625,6.1875,1/22/2018,5.34375,5.5,5.71875,1/22/2019,6.8125,6.9375,7.0625,1/22/2020,6.46875,6.5625,6.65625,1/22/2021,7.8125,7.84375,7.84375,1/21/2022,9.96875,10.03125,10.03125
1/25/2016,6.78125,6.90625,7.0625,1/24/2017,5.8125,5.96875,6.125,1/23/2018,5.25,5.4375,5.625,1/23/2019,6.875,7,7.09375,1/23/2020,6.46875,6.5625,6.65625,1/25/2021,8,8.03125,8,1/24/2022,10.34375,10.375,10.375
1/26/2016,6.71875,6.875,7.03125,1/25/2017,5.71875,5.875,6.03125,1/24/2018,5.34375,5.53125,5.71875,1/24/2019,6.8125,6.96875,7.0625,1/24/2020,6.375,6.5,6.59375,1/26/2021,8.125,8.1875,8.125,1/25/2022,10.53125,10.5625,10.53125
1/27/2016,6.59375,6.75,6.875,1/26/2017,5.75,5.9375,6.09375,1/25/2018,5.375,5.5625,5.78125,1/25/2019,6.71875,6.875,7,1/27/2020,6.40625,6.53125,6.625,1/27/2021,8.15625,8.1875,8.125,1/26/2022,10.34375,10.375,10.34375
1/28/2016,6.53125,6.65625,6.8125,1/27/2017,5.71875,5.875,6.03125,1/26/2018,5.4375,5.625,5.84375,1/28/2019,6.71875,6.84375,7,1/28/2020,6.34375,6.4375,6.53125,1/28/2021,8.03125,8.0625,8.03125,1/27/2022,10.09375,10.15625,10.15625
1/29/2016,6.59375,6.75,6.875,1/30/2017,5.59375,5.75,5.90625,1/29/2018,5.59375,5.78125,5.96875,1/29/2019,6.625,6.75,6.90625,1/29/2020,6.21875,6.3125,6.4375,1/29/2021,8.15625,8.1875,8.15625,1/28/2022,10.25,10.28125,10.28125
2/1/2016,6.5,6.65625,6.78125,1/31/2017,5.59375,5.75,5.90625,1/30/2018,5.78125,5.96875,6.15625,1/30/2019,6.59375,6.71875,6.875,1/30/2020,6.21875,6.3125,6.40625,2/1/2021,8.03125,8.0625,8.0625,1/31/2022,9.9375,9.96875,9.96875
2/2/2016,6.53125,6.6875,6.8125,2/1/2017,5.75,5.90625,6.0625,1/31/2018,5.75,5.9375,6.125,1/31/2019,6.5625,6.6875,6.8125,1/31/2020,6.15625,6.25,6.34375,2/2/2021,7.90625,7.96875,7.9375,2/1/2022,9.96875,10,10
2/3/2016,6.46875,6.59375,6.71875,2/2/2017,5.78125,5.9375,6.09375,2/1/2018,5.71875,5.90625,6.09375,2/1/2019,6.65625,6.78125,6.875,2/3/2020,6.1875,6.28125,6.375,2/3/2021,8,8.03125,8.03125,2/2/2022,9.75,9.78125,9.8125
2/4/2016,6.3125,6.46875,6.59375,2/3/2017,5.75,5.90625,6.0625,2/2/2018,5.75,5.9375,6.125,2/4/2019,6.6875,6.78125,6.90625,2/4/2020,6.1875,6.28125,6.375,2/4/2021,7.9375,8,8,2/3/2022,9.75,9.78125,9.8125
2/5/2016,6.3125,6.4375,6.59375,2/6/2017,5.6875,5.875,6.03125,2/5/2018,5.78125,5.96875,6.15625,2/5/2019,6.71875,6.78125,6.84375,2/5/2020,6.28125,6.375,6.46875,2/5/2021,7.96875,8.03125,8.0625,2/4/2022,10.03125,10.0625,10.09375
2/8/2016,6.1875,6.34375,6.46875,2/7/2017,5.78125,5.96875,6.125,2/6/2018,5.84375,6.03125,6.25,2/6/2019,6.71875,6.8125,6.90625,2/6/2020,6.21875,6.3125,6.40625,2/8/2021,8.15625,8.21875,8.21875,2/7/2022,10.03125,10.09375,10.09375
2/9/2016,6.15625,6.3125,6.4375,2/8/2017,5.8125,5.96875,6.125,2/7/2018,6.03125,6.21875,6.4375,2/7/2019,6.59375,6.6875,6.8125,2/7/2020,6.28125,6.375,6.46875,2/9/2021,8.03125,8.09375,8.125,2/8/2022,10.1875,10.21875,10.25
2/10/2016,6.1875,6.3125,6.46875,2/9/2017,5.9375,6.09375,6.25,2/8/2018,5.96875,6.15625,6.375,2/8/2019,6.5625,6.65625,6.75,2/10/2020,6.28125,6.375,6.46875,2/10/2021,7.8125,7.875,7.90625,2/9/2022,10.3125,10.34375,10.375
2/11/2016,6.1875,6.3125,6.46875,2/10/2017,6.03125,6.1875,6.34375,2/9/2018,5.84375,6.03125,6.25,2/11/2019,6.5625,6.65625,6.75,2/11/2020,6.21875,6.3125,6.375,2/11/2021,7.75,7.84375,7.875,2/10/2022,10.1875,10.21875,10.25
2/12/2016,6.15625,6.28125,6.4375,2/13/2017,6.09375,6.28125,6.40625,2/12/2018,6,6.1875,6.40625,2/12/2019,6.5,6.5625,6.65625,2/12/2020,6.25,6.3125,6.40625,2/12/2021,7.84375,7.90625,7.9375,2/11/2022,10.5,10.53125,10.53125
2/16/2016,6.25,6.375,6.53125,2/14/2017,6.09375,6.25,6.40625,2/13/2018,5.96875,6.15625,6.375,2/13/2019,6.53125,6.625,6.71875,2/13/2020,6.1875,6.28125,6.34375,2/16/2021,8.09375,8.15625,8.1875,2/14/2022,10.53125,10.5625,10.59375
2/17/2016,6.21875,6.3125,6.46875,2/15/2017,6.125,6.3125,6.4375,2/14/2018,5.875,6.0625,6.28125,2/14/2019,6.40625,6.5,6.59375,2/14/2020,6.15625,6.25,6.34375,2/17/2021,7.9375,8,8.03125,2/15/2022,10.25,10.28125,10.3125
2/18/2016,6.21875,6.34375,6.5,2/16/2017,6,6.15625,6.3125,2/15/2018,5.96875,6.15625,6.375,2/15/2019,6.3125,6.40625,6.53125,2/18/2020,6.4375,6.53125,6.625,2/18/2021,8.0625,8.15625,8.1875,2/16/2022,10.25,10.3125,10.3125
2/19/2016,6.28125,6.40625,6.5625,2/17/2017,5.96875,6.15625,6.3125,2/16/2018,6,6.1875,6.40625,2/19/2019,6.09375,6.1875,6.3125,2/19/2020,6.34375,6.4375,6.53125,2/19/2021,7.96875,8.0625,8.09375,2/17/2022,10.46875,10.5,10.53125
2/22/2016,6.21875,6.34375,6.5,2/21/2017,5.9375,6.125,6.28125,2/20/2018,5.96875,6.15625,6.375,2/20/2019,5.9375,6.03125,6.1875,2/20/2020,6.28125,6.375,6.46875,2/22/2021,8.125,8.21875,8.25,2/18/2022,10.65625,10.71875,10.71875
2/23/2016,6.15625,6.28125,6.4375,2/22/2017,6.03125,6.1875,6.34375,2/21/2018,5.90625,6.125,6.34375,2/21/2019,6.03125,6.125,6.25,2/21/2020,6.1875,6.28125,6.375,2/23/2021,8.0625,8.15625,8.1875,2/22/2022,11.25,11.3125,11.3125
2/24/2016,6.0625,6.21875,6.375,2/23/2017,6,6.1875,6.34375,2/22/2018,5.96875,6.1875,6.40625,2/22/2019,6.03125,6.125,6.21875,2/24/2020,6,6.09375,6.1875,2/24/2021,8.21875,8.28125,8.34375,2/23/2022,11.625,11.6875,11.65625
2/25/2016,6.03125,6.1875,6.3125,2/24/2017,5.9375,6.125,6.25,2/23/2018,5.9375,6.125,6.34375,2/25/2019,5.84375,5.9375,6.0625,2/25/2020,6.03125,6.125,6.21875,2/25/2021,8.125,8.21875,8.28125,2/24/2022,12.34375,12.375,12.25
2/26/2016,5.96875,6.125,6.28125,2/27/2017,5.84375,6.03125,6.1875,2/26/2018,6.0625,6.25,6.5,2/26/2019,5.75,5.84375,6,2/26/2020,6.03125,6.125,6.21875,2/26/2021,7.96875,8.0625,8.125,2/25/2022,11.28125,11.3125,11.1875
2/29/2016,6.03125,6.1875,6.3125,2/28/2017,6,6.15625,6.3125,2/27/2018,6.25,6.4375,6.6875,2/27/2019,5.78125,5.875,6,2/27/2020,5.9375,6.0625,6.15625,3/1/2021,7.78125,7.875,7.9375,2/28/2022,12.09375,12.09375,11.9375
3/1/2016,5.875,6.03125,6.15625,3/1/2017,6.1875,6.34375,6.5,2/28/2018,6.53125,6.6875,6.90625,2/28/2019,5.8125,5.84375,5.96875,2/28/2020,5.96875,6.0625,6.15625,3/2/2021,7.90625,8.03125,8.09375,3/1/2022,12.90625,12.78125,12.625
3/2/2016,5.9375,6.09375,6.25,3/2/2017,6.15625,6.28125,6.4375,3/1/2018,6.8125,6.96875,7.1875,3/1/2019,5.875,5.90625,6.03125,3/2/2020,6,6.09375,6.1875,3/3/2021,7.8125,7.90625,7.96875,3/2/2022,13.5625,13.59375,13.375
3/3/2016,6.09375,6.25,6.375,3/3/2017,6.1875,6.3125,6.46875,3/2/2018,6.71875,6.875,7.09375,3/4/2019,5.78125,5.90625,6,3/3/2020,6.0625,6.125,6.21875,3/4/2021,7.75,7.875,7.9375,3/3/2022,14.46875,14.59375,14.375
3/4/2016,6.09375,6.25,6.375,3/6/2017,6.21875,6.34375,6.5,3/5/2018,6.90625,7.0625,7.28125,3/5/2019,5.9375,6.03125,6.125,3/4/2020,5.96875,6.0625,6.15625,3/5/2021,7.8125,7.9375,8,3/4/2022,15.28125,15.46875,14.9375
3/7/2016,6.09375,6.25,6.375,3/7/2017,6.21875,6.34375,6.5,3/6/2018,6.8125,6.96875,7.1875,3/6/2019,5.78125,5.90625,6,3/5/2020,5.875,5.96875,6.09375,3/8/2021,7.75,7.875,7.9375,3/7/2022,15.875,16.03125,15.8125
3/8/2016,6.15625,6.3125,6.4375,3/8/2017,6.15625,6.28125,6.4375,3/7/2018,6.71875,6.90625,7.125,3/7/2019,5.65625,5.75,5.875,3/6/2020,5.90625,6,6.09375,3/9/2021,7.8125,7.90625,8,3/8/2022,15.28125,15.4375,15.1875
3/9/2016,6.15625,6.3125,6.4375,3/9/2017,6.125,6.25,6.40625,3/8/2018,6.6875,6.875,7.09375,3/8/2019,5.6875,5.78125,5.90625,3/9/2020,5.96875,6.03125,6.15625,3/10/2021,7.65625,7.78125,7.84375,3/9/2022,14.15625,14.28125,14
3/10/2016,6.3125,6.4375,6.59375,3/10/2017,6,6.125,6.28125,3/9/2018,6.5,6.65625,6.875,3/11/2019,5.53125,5.625,5.75,3/10/2020,6.09375,6.09375,6.1875,3/11/2021,7.46875,7.5625,7.65625,3/10/2022,13.4375,13.59375,13.46875
3/11/2016,6.25,6.375,6.5,3/13/2017,5.8125,5.9375,6.125,3/12/2018,6.53125,6.71875,6.90625,3/12/2019,5.8125,5.90625,6.03125,3/11/2020,5.96875,6,6.09375,3/12/2021,7.40625,7.53125,7.59375,3/11/2022,13.71875,13.875,13.78125
3/14/2016,6.3125,6.46875,6.625,3/14/2017,5.84375,5.96875,6.125,3/13/2018,6.5625,6.75,6.96875,3/13/2019,5.71875,5.8125,5.9375,3/12/2020,6,6.03125,6.125,3/15/2021,7.5625,7.625,7.6875,3/14/2022,13.84375,14.09375,13.90625
3/15/2016,6.53125,6.65625,6.84375,3/15/2017,5.9375,6.09375,6.3125,3/14/2018,6.625,6.8125,7.03125,3/14/2019,5.71875,5.8125,5.9375,3/13/2020,5.9375,5.96875,6.0625,3/16/2021,7.5625,7.625,7.6875,3/15/2022,14.78125,14.59375,14.1875
3/16/2016,6.34375,6.46875,6.625,3/16/2017,6,6.15625,6.34375,3/15/2018,6.6875,6.9375,7.15625,3/15/2019,5.90625,6.03125,6.1875,3/16/2020,5.9375,6.03125,6.1875,3/17/2021,7.4375,7.5,7.5625,3/16/2022,13.59375,13.40625,13.09375
3/17/2016,6.09375,6.25,6.40625,3/17/2017,6.0625,6.21875,6.40625,3/16/2018,6.53125,6.75,6.96875,3/18/2019,5.8125,5.9375,6.125,3/17/2020,6.125,6.21875,6.34375,3/18/2021,7.3125,7.40625,7.46875,3/17/2022,13.78125,13.6875,13.375
3/18/2016,6.09375,6.25,6.40625,3/20/2017,5.9375,6.09375,6.28125,3/19/2018,6.15625,6.375,6.625,3/19/2019,5.8125,5.9375,6.09375,3/18/2020,6.46875,6.5625,6.6875,3/19/2021,7.3125,7.375,7.46875,3/18/2022,13.5,13.375,13.1875
3/21/2016,6.21875,6.375,6.53125,3/21/2017,5.84375,6,6.21875,3/20/2018,6.15625,6.375,6.625,3/20/2019,5.90625,6.03125,6.15625,3/19/2020,6.75,6.8125,6.9375,3/22/2021,7.25,7.3125,7.375,3/21/2022,14.03125,13.90625,13.65625
3/22/2016,6.21875,6.375,6.53125,3/22/2017,5.75,5.9375,6.125,3/21/2018,6,6.25,6.46875,3/21/2019,5.96875,6.09375,6.21875,3/20/2020,6.75,6.78125,6.875,3/23/2021,7.3125,7.40625,7.46875,3/22/2022,14.03125,13.9375,13.75
3/23/2016,6.25,6.375,6.5625,3/23/2017,5.71875,5.875,6.09375,3/22/2018,6.09375,6.34375,6.5625,3/22/2019,5.96875,6.09375,6.25,3/23/2020,7.09375,7.15625,7.25,3/24/2021,7.25,7.3125,7.40625,3/23/2022,13.96875,13.875,13.6875
3/24/2016,6.25,6.40625,6.5625,3/24/2017,5.71875,5.90625,6.09375,3/23/2018,6.1875,6.4375,6.65625,3/25/2019,6.03125,6.125,6.28125,3/24/2020,7.09375,7.15625,7.25,3/25/2021,7.15625,7.21875,7.3125,3/24/2022,13.71875,13.65625,13.46875
3/28/2016,6.28125,6.4375,6.625,3/27/2017,5.625,5.8125,6,3/26/2018,6,6.25,6.5,3/26/2019,5.9375,6.03125,6.1875,3/25/2020,7.09375,7.15625,7.25,3/26/2021,7.15625,7.21875,7.3125,3/25/2022,13.84375,13.8125,13.6875
3/29/2016,6.3125,6.4375,6.625,3/28/2017,5.6875,5.84375,6.0625,3/27/2018,5.96875,6.21875,6.46875,3/27/2019,5.96875,6.0625,6.21875,3/26/2020,6.84375,6.875,6.96875,3/29/2021,7.15625,7.25,7.3125,3/28/2022,13.40625,13.375,13.3125
3/30/2016,6.03125,6.1875,6.375,3/29/2017,5.65625,5.8125,6.03125,3/28/2018,5.96875,6.1875,6.4375,3/28/2019,5.90625,6,6.15625,3/27/2020,6.8125,6.875,6.96875,3/30/2021,7.0625,7.125,7.21875,3/29/2022,12.8125,12.8125,12.78125
3/31/2016,6.1875,6.34375,6.5,3/30/2017,5.5625,5.75,5.9375,3/29/2018,6.03125,6.25,6.5,3/29/2019,5.75,5.84375,6,3/30/2020,6.90625,6.96875,7.09375,3/31/2021,7.21875,7.3125,7.375,3/30/2022,13.03125,13.03125,12.96875
4/1/2016,6.21875,6.34375,6.53125,3/31/2017,5.59375,5.78125,5.96875,4/2/2018,6.03125,6.28125,6.53125,4/1/2019,5.78125,5.875,6.03125,3/31/2020,6.9375,7.03125,7.125,4/1/2021,7.09375,7.1875,7.25,3/31/2022,12.875,12.875,12.8125
4/4/2016,6.21875,6.375,6.5625,4/3/2017,5.59375,5.78125,6,4/3/2018,6.21875,6.4375,6.6875,4/2/2019,5.78125,5.875,6.03125,4/1/2020,6.75,6.84375,6.96875,4/5/2021,7.0625,7.125,7.21875,4/1/2022,12.6875,12.6875,12.65625
4/5/2016,6.21875,6.375,6.5625,4/4/2017,5.65625,5.8125,6.03125,4/4/2018,6.21875,6.4375,6.6875,4/3/2019,5.8125,5.90625,6.0625,4/2/2020,6.5625,6.65625,6.78125,4/6/2021,6.96875,7.0625,7.15625,4/4/2022,12.96875,12.96875,12.96875
4/6/2016,6.03125,6.1875,6.375,4/5/2017,5.71875,5.875,6.09375,4/5/2018,6.34375,6.59375,6.8125,4/4/2019,5.875,5.9375,6.09375,4/3/2020,6.6875,6.78125,6.90625,4/7/2021,7.09375,7.1875,7.28125,4/5/2022,13.53125,13.53125,13.5
4/7/2016,5.96875,6.125,6.3125,4/6/2017,5.625,5.8125,6.03125,4/6/2018,6.46875,6.71875,6.96875,4/5/2019,5.78125,5.875,6,4/6/2020,6.71875,6.8125,6.90625,4/8/2021,7.25,7.34375,7.40625,4/6/2022,13.59375,13.625,13.59375
4/8/2016,5.96875,6.125,6.28125,4/7/2017,5.65625,5.8125,6.03125,4/9/2018,6.625,6.875,7.125,4/8/2019,5.75,5.84375,6,4/7/2020,6.625,6.71875,6.8125,4/9/2021,7.34375,7.4375,7.53125,4/7/2022,13.46875,13.5,13.5
4/11/2016,5.71875,5.84375,6.03125,4/10/2017,5.65625,5.84375,6.03125,4/10/2018,6.5625,6.8125,7.0625,4/9/2019,5.6875,5.8125,5.9375,4/8/2020,6.6875,6.8125,6.90625,4/12/2021,7.28125,7.375,7.4375,4/8/2022,13.90625,13.9375,13.9375
4/12/2016,5.71875,5.84375,6.03125,4/11/2017,5.71875,5.875,6.09375,4/11/2018,6.5,6.75,6.96875,4/10/2019,5.6875,5.75,5.90625,4/9/2020,6.875,6.96875,7.0625,4/13/2021,7.3125,7.4375,7.5,4/11/2022,14.40625,14.46875,14.4375
4/13/2016,5.8125,5.96875,6.125,4/12/2017,5.6875,5.875,6.0625,4/12/2018,6.375,6.625,6.875,4/11/2019,5.75,5.84375,6,4/13/2020,6.875,6.96875,7.0625,4/14/2021,7.5625,7.65625,7.71875,4/12/2022,14.6875,14.75,14.71875
4/14/2016,5.84375,5.96875,6.15625,4/13/2017,5.6875,5.84375,6.0625,4/13/2018,6.25,6.5,6.75,4/12/2019,5.78125,5.875,6.03125,4/14/2020,6.71875,6.8125,6.9375,4/15/2021,7.625,7.71875,7.78125,4/13/2022,14.75,14.8125,14.78125
4/15/2016,5.875,6,6.1875,4/17/2017,5.53125,5.71875,5.9375,4/16/2018,6,6.25,6.5,4/15/2019,5.71875,5.78125,5.9375,4/15/2020,6.78125,6.875,6.96875,4/16/2021,7.625,7.71875,7.78125,4/14/2022,14.53125,14.59375,14.5625
4/18/2016,5.9375,6.0625,6.25,4/18/2017,5.59375,5.78125,6,4/17/2018,6.03125,6.28125,6.53125,4/16/2019,5.5625,5.625,5.78125,4/16/2020,6.625,6.71875,6.8125,4/19/2021,7.65625,7.75,7.84375,4/18/2022,14.9375,15,14.9375
4/19/2016,6.03125,6.1875,6.34375,4/19/2017,5.625,5.78125,6,4/18/2018,6.15625,6.40625,6.65625,4/17/2019,5.59375,5.6875,5.8125,4/17/2020,6.6875,6.78125,6.875,4/20/2021,7.8125,7.90625,8,4/19/2022,14.78125,14.84375,14.78125
4/20/2016,6.25,6.375,6.5625,4/20/2017,5.4375,5.59375,5.8125,4/19/2018,6.28125,6.53125,6.75,4/18/2019,5.625,5.6875,5.8125,4/20/2020,7,7.09375,7.1875,4/21/2021,7.875,7.96875,8.03125,4/20/2022,14.53125,14.625,14.59375
4/21/2016,6.21875,6.375,6.53125,4/21/2017,5.46875,5.625,5.84375,4/20/2018,6.15625,6.40625,6.625,4/22/2019,5.5,5.59375,5.71875,4/21/2020,7.0625,7.15625,7.25,4/22/2021,8.34375,8.4375,8.5,4/21/2022,14.3125,14.375,14.375
4/22/2016,5.84375,6,6.1875,4/24/2017,5.4375,5.59375,5.8125,4/23/2018,6.21875,6.46875,6.6875,4/23/2019,5.5625,5.65625,5.78125,4/22/2020,6.9375,7.0625,7.125,4/23/2021,8.40625,8.5,8.5625,4/22/2022,14.53125,14.625,14.59375
4/25/2016,5.875,6,6.1875,4/25/2017,5.59375,5.75,5.96875,4/24/2018,6.3125,6.5625,6.78125,4/24/2019,5.46875,5.5625,5.6875,4/23/2020,6.84375,6.9375,7.03125,4/26/2021,8.6875,8.78125,8.84375,4/25/2022,14.59375,14.6875,14.6875
4/26/2016,5.875,6.03125,6.21875,4/26/2017,5.625,5.78125,6,4/25/2018,6.5,6.75,7,4/25/2019,5.4375,5.5625,5.6875,4/24/2020,6.6875,6.8125,6.90625,4/27/2021,8.71875,8.8125,8.84375,4/26/2022,14.84375,14.9375,14.9375
4/27/2016,5.84375,6,6.1875,4/27/2017,5.75,5.90625,6.125,4/26/2018,6.46875,6.6875,6.9375,4/26/2019,5.375,5.46875,5.625,4/27/2020,6.59375,6.71875,6.8125,4/28/2021,8.5,8.5625,8.625,4/27/2022,14.71875,14.78125,14.8125
4/28/2016,5.78125,5.96875,6.15625,4/28/2017,5.8125,5.96875,6.1875,4/27/2018,6.5625,6.8125,7.03125,4/29/2019,5.25,5.34375,5.5,4/28/2020,6.625,6.78125,6.875,4/29/2021,8.46875,8.53125,8.5625,4/28/2022,14.5625,14.625,14.625
4/29/2016,5.84375,6,6.21875,5/1/2017,6.1875,6.375,6.5625,4/30/2018,6.65625,6.90625,7.125,4/30/2019,5.15625,5.28125,5.4375,4/29/2020,6.5,6.625,6.71875,4/30/2021,8.59375,8.65625,8.6875,4/29/2022,14.0625,14.21875,14.25
5/2/2016,5.78125,5.9375,6.125,5/2/2017,6.21875,6.40625,6.625,5/1/2018,6.84375,7.09375,7.3125,5/1/2019,5.21875,5.375,5.53125,4/30/2020,6.71875,6.8125,6.90625,5/3/2021,8.375,8.4375,8.5,5/2/2022,14,14.125,14.1875
5/3/2016,5.625,5.78125,6,5/3/2017,6.1875,6.34375,6.5625,5/2/2018,6.90625,7.15625,7.375,5/2/2019,5.28125,5.46875,5.59375,5/1/2020,6.78125,6.8125,6.90625,5/4/2021,8.5,8.59375,8.65625,5/3/2022,13.90625,14.03125,14.09375
5/4/2016,5.71875,5.875,6.09375,5/4/2017,5.9375,6.125,6.34375,5/3/2018,7.03125,7.28125,7.53125,5/3/2019,5.28125,5.375,5.53125,5/4/2020,6.8125,6.84375,6.96875,5/5/2021,8.71875,8.78125,8.84375,5/4/2022,14.15625,14.3125,14.34375
5/5/2016,5.65625,5.8125,6.03125,5/5/2017,5.96875,6.15625,6.375,5/4/2018,6.875,7.125,7.375,5/6/2019,5.3125,5.40625,5.5625,5/5/2020,6.78125,6.8125,6.90625,5/6/2021,8.71875,8.84375,8.875,5/5/2022,14.96875,15.09375,15.125
5/6/2016,5.6875,5.84375,6.0625,5/8/2017,5.90625,6.09375,6.3125,5/7/2018,6.6875,6.9375,7.1875,5/7/2019,5.3125,5.4375,5.59375,5/6/2020,6.75,6.75,6.84375,5/7/2021,8.8125,8.9375,8.96875,5/6/2022,14.96875,15.09375,15.15625
5/9/2016,5.625,5.78125,6,5/9/2017,5.84375,6.03125,6.25,5/8/2018,6.71875,6.96875,7.21875,5/8/2019,5.3125,5.4375,5.59375,5/7/2020,6.65625,6.6875,6.78125,5/10/2021,8.40625,8.5,8.5625,5/9/2022,15,15.15625,15.1875
5/10/2016,5.625,5.78125,6,5/10/2017,5.84375,6,6.21875,5/9/2018,6.59375,6.84375,7.0625,5/9/2019,5.25,5.375,5.5,5/8/2020,7.03125,6.6875,6.78125,5/11/2021,8.5,8.59375,8.65625,5/10/2022,15.21875,15.3125,15.34375
5/11/2016,5.53125,5.6875,5.90625,5/11/2017,5.875,6.03125,6.28125,5/10/2018,6.46875,6.71875,6.96875,5/10/2019,5.09375,5.1875,5.34375,5/11/2020,6.9375,6.65625,6.75,5/12/2021,8.28125,8.375,8.4375,5/11/2022,15.40625,15.59375,15.625
5/12/2016,5.625,5.78125,6,5/12/2017,5.875,6.03125,6.25,5/11/2018,6.40625,6.625,6.875,5/13/2019,5.34375,5.34375,5.5,5/12/2020,6.8125,6.59375,6.71875,5/13/2021,7.9375,8,8.0625,5/12/2022,16.34375,16.5625,16.59375
5/13/2016,5.75,5.90625,6.125,5/15/2017,5.84375,6.0625,6.40625,5/14/2018,6.375,6.53125,6.78125,5/14/2019,5.40625,5.5,5.65625,5/13/2020,6.46875,6.40625,6.5,5/14/2021,7.875,7.96875,8.03125,5/13/2022,16.15625,16.5625,16.5625
5/16/2016,5.84375,6.0625,6.375,5/16/2017,5.78125,6,6.34375,5/15/2018,6.5625,6.8125,7.15625,5/15/2019,5.40625,5.5625,5.84375,5/14/2020,6.4375,6.34375,6.4375,5/17/2021,7.875,7.9375,8,5/16/2022,17.375,17.375,17.40625
5/17/2016,5.90625,6.125,6.4375,5/17/2017,5.8125,6.03125,6.375,5/16/2018,6.5625,6.8125,7.125,5/16/2019,5.59375,5.75,6.03125,5/15/2020,6.375,6.46875,6.625,5/18/2021,7.8125,7.875,7.96875,5/17/2022,17.53125,17.53125,17.5625
5/18/2016,5.9375,6.15625,6.46875,5/18/2017,5.78125,6.03125,6.375,5/17/2018,6.65625,6.875,7.21875,5/17/2019,5.65625,5.8125,6.09375,5/18/2020,6.21875,6.3125,6.46875,5/19/2021,7.6875,7.75,7.875,5/18/2022,17.0625,17.09375,17.125
5/19/2016,5.875,6.0625,6.40625,5/19/2017,5.90625,6.15625,6.5,5/18/2018,6.9375,7.1875,7.5,5/20/2019,5.84375,5.96875,6.25,5/19/2020,6.15625,6.25,6.40625,5/20/2021,7.53125,7.625,7.75,5/19/2022,16.625,16.65625,16.6875
5/20/2016,5.875,6.09375,6.40625,5/22/2017,5.875,6.125,6.46875,5/21/2018,6.71875,6.96875,7.3125,5/21/2019,5.84375,5.96875,6.25,5/20/2020,6.3125,6.375,6.5625,5/21/2021,7.53125,7.625,7.71875,5/20/2022,16.09375,16.125,16.1875
5/23/2016,5.875,6.09375,6.40625,5/23/2017,5.8125,6.0625,6.40625,5/22/2018,6.9375,7.15625,7.5,5/22/2019,5.8125,5.9375,6.21875,5/21/2020,6.34375,6.4375,6.625,5/24/2021,7.40625,7.5,7.625,5/23/2022,16.28125,16.34375,16.40625
5/24/2016,5.84375,6.0625,6.375,5/24/2017,5.8125,6.03125,6.375,5/23/2018,7.09375,7.3125,7.625,5/23/2019,5.71875,5.875,6.1875,5/22/2020,6.21875,6.3125,6.5,5/25/2021,7.28125,7.375,7.5,5/24/2022,15.875,15.9375,16
5/25/2016,5.875,6.0625,6.375,5/25/2017,5.8125,6.0625,6.40625,5/24/2018,7.0625,7.3125,7.625,5/24/2019,5.9375,6.09375,6.375,5/26/2020,6.15625,6.25,6.40625,5/26/2021,7.25,7.34375,7.5,5/25/2022,15.8125,15.875,15.9375
5/26/2016,6,6.21875,6.5,5/26/2017,5.875,6.125,6.4375,5/25/2018,7.3125,7.5625,7.875,5/28/2019,6.21875,6.375,6.625,5/27/2020,6.21875,6.3125,6.46875,5/27/2021,7.5625,7.65625,7.78125,5/26/2022,15.6875,15.75,15.84375
5/27/2016,6,6.1875,6.5,5/30/2017,5.84375,6.0625,6.40625,5/29/2018,7.25,7.46875,7.78125,5/29/2019,6.125,6.28125,6.5625,5/28/2020,6.375,6.46875,6.625,5/28/2021,7.40625,7.5,7.625,5/27/2022,15.71875,15.78125,15.875
5/31/2016,5.84375,6.0625,6.375,5/31/2017,5.84375,6.0625,6.40625,5/30/2018,6.96875,7.1875,7.5,5/30/2019,6.46875,6.625,6.90625,5/29/2020,6.46875,6.5625,6.71875,6/1/2021,7.6875,7.78125,7.90625,5/31/2022,14.75,14.8125,14.9375
6/1/2016,5.96875,6.1875,6.46875,6/1/2017,5.8125,6.0625,6.40625,5/31/2018,7.03125,7.25,7.5625,5/31/2019,6.40625,6.5625,6.8125,6/1/2020,6.28125,6.375,6.53125,6/2/2021,7.625,7.71875,7.875,6/1/2022,14.28125,14.375,14.5
6/2/2016,6.09375,6.28125,6.625,6/2/2017,5.84375,6.09375,6.4375,6/1/2018,7,7.25,7.5625,6/3/2019,6.53125,6.6875,6.96875,6/2/2020,6.09375,6.1875,6.34375,6/3/2021,7.5625,7.65625,7.78125,6/2/2022,14.375,14.46875,14.59375
6/3/2016,6.125,6.34375,6.625,6/5/2017,5.78125,6.03125,6.375,6/4/2018,6.75,7,7.3125,6/4/2019,6.28125,6.4375,6.75,6/3/2020,6.1875,6.28125,6.4375,6/4/2021,7.6875,7.78125,7.90625,6/3/2022,14.125,14.21875,14.34375
6/6/2016,6.15625,6.375,6.6875,6/6/2017,5.90625,6.125,6.46875,6/5/2018,6.875,7.125,7.40625,6/5/2019,5.96875,6.15625,6.46875,6/4/2020,6.375,6.46875,6.625,6/7/2021,7.625,7.71875,7.84375,6/6/2022,14.71875,14.8125,14.90625
6/7/2016,6.1875,6.375,6.6875,6/7/2017,6.03125,6.25,6.59375,6/6/2018,7,7.25,7.53125,6/6/2019,6.09375,6.25,6.5625,6/5/2020,6.1875,6.3125,6.46875,6/8/2021,7.65625,7.75,7.875,6/7/2022,14.40625,14.5,14.625
6/8/2016,6.25,6.46875,6.78125,6/8/2017,6.125,6.34375,6.6875,6/7/2018,7.0625,7.3125,7.625,6/7/2019,5.96875,6.125,6.4375,6/8/2020,6.15625,6.28125,6.4375,6/9/2021,7.6875,7.78125,7.90625,6/8/2022,14.5,14.59375,14.71875
6/9/2016,6.15625,6.375,6.6875,6/9/2017,6.09375,6.3125,6.65625,6/8/2018,6.96875,7.1875,7.46875,6/10/2019,6,6.1875,6.5,6/9/2020,6.125,6.25,6.40625,6/10/2021,7.75,7.84375,7.9375,6/9/2022,14.65625,14.75,14.84375
6/10/2016,6,6.21875,6.53125,6/12/2017,5.90625,6.125,6.46875,6/11/2018,6.9375,7.125,7.4375,6/11/2019,6.0625,6.25,6.5625,6/10/2020,6.125,6.25,6.40625,6/11/2021,7.75,7.84375,7.96875,6/10/2022,14.84375,14.9375,15.03125
6/13/2016,5.90625,6.125,6.46875,6/13/2017,6.0625,6.28125,6.59375,6/12/2018,7.1875,7.40625,7.6875,6/12/2019,6.1875,6.34375,6.65625,6/11/2020,6.09375,6.21875,6.375,6/14/2021,7.625,7.71875,7.8125,6/13/2022,14.96875,15.0625,15.1875
6/14/2016,5.90625,6.125,6.4375,6/14/2017,6.0625,6.28125,6.625,6/13/2018,7,7.21875,7.5,6/13/2019,6.25,6.40625,6.6875,6/12/2020,6.09375,6.21875,6.375,6/15/2021,7.46875,7.5625,7.65625,6/14/2022,14.78125,14.875,15
6/15/2016,5.90625,6.125,6.4375,6/15/2017,6.1875,6.40625,6.75,6/14/2018,6.84375,7.0625,7.375,6/14/2019,6.375,6.5625,6.84375,6/15/2020,6.0625,6.15625,6.34375,6/16/2021,7.5,7.59375,7.71875,6/15/2022,14.59375,14.6875,14.8125
6/16/2016,5.84375,6.0625,6.40625,6/16/2017,6.25,6.5,6.84375,6/15/2018,6.875,7.0625,7.375,6/17/2019,6.375,6.53125,6.8125,6/16/2020,5.9375,6.0625,6.25,6/17/2021,7.21875,7.34375,7.46875,6/16/2022,14.875,14.96875,15.0625
6/17/2016,5.9375,6.15625,6.46875,6/19/2017,6.25,6.5,6.8125,6/18/2018,6.59375,6.8125,7.09375,6/18/2019,6.21875,6.375,6.6875,6/17/2020,5.875,5.96875,6.15625,6/18/2021,7.5625,7.6875,7.8125,6/17/2022,14.40625,14.5,14.59375
6/20/2016,5.78125,6,6.3125,6/20/2017,6.28125,6.53125,6.875,6/19/2018,6.40625,6.625,6.9375,6/19/2019,6.0625,6.21875,6.5,6/18/2020,5.8125,5.9375,6.125,6/21/2021,7.40625,7.53125,7.65625,6/21/2022,13.4375,13.53125,13.6875
6/21/2016,5.5625,5.8125,6.125,6/21/2017,6.25,6.46875,6.8125,6/20/2018,6.5,6.71875,7.03125,6/20/2019,6.0625,6.21875,6.46875,6/19/2020,5.8125,5.9375,6.125,6/22/2021,7.34375,7.46875,7.59375,6/22/2022,13.4375,13.53125,13.65625
6/22/2016,5.5625,5.78125,6.125,6/22/2017,6.1875,6.4375,6.75,6/21/2018,6.5625,6.78125,7.09375,6/21/2019,5.96875,6.15625,6.4375,6/22/2020,5.84375,5.9375,6.125,6/23/2021,7.53125,7.625,7.75,6/23/2022,13.0625,13.125,13.25
6/23/2016,5.46875,5.6875,6,6/23/2017,6.15625,6.40625,6.75,6/22/2018,6.5,6.71875,7.03125,6/24/2019,6.125,6.28125,6.5625,6/23/2020,5.90625,6,6.1875,6/24/2021,7.46875,7.5625,7.6875,6/24/2022,12.78125,12.875,13
6/24/2016,5.5,5.71875,6.0625,6/26/2017,6,6.25,6.59375,6/25/2018,6.25,6.46875,6.78125,6/25/2019,6.125,6.3125,6.59375,6/24/2020,5.875,6,6.1875,6/25/2021,7.375,7.5,7.59375,6/27/2022,12.53125,12.59375,12.71875
6/27/2016,5.40625,5.625,5.96875,6/27/2017,6.03125,6.28125,6.625,6/26/2018,6.09375,6.3125,6.65625,6/26/2019,6.15625,6.3125,6.625,6/25/2020,5.875,5.96875,6.15625,6/28/2021,7.625,7.71875,7.84375,6/28/2022,12.65625,12.75,12.875
6/28/2016,5.3125,5.5625,5.90625,6/28/2017,6.03125,6.25,6.59375,6/27/2018,6.125,6.375,6.6875,6/27/2019,6.125,6.3125,6.59375,6/26/2020,5.78125,5.84375,6.03125,6/29/2021,7.6875,7.78125,7.875,6/29/2022,12.6875,12.78125,12.90625
6/29/2016,5.15625,5.4375,5.75,6/29/2017,6.25,6.5,6.8125,6/28/2018,6,6.25,6.5625,6/28/2019,5.90625,6.03125,6.34375,6/29/2020,5.84375,5.96875,6.125,6/30/2021,8.0625,8.15625,8.28125,6/30/2022,12.21875,12.25,12.375
6/30/2016,5.21875,5.46875,5.78125,6/30/2017,6.625,6.875,7.1875,6/29/2018,6.1875,6.40625,6.71875,7/1/2019,5.71875,5.84375,6.125,6/30/2020,5.90625,5.96875,6.125,7/1/2021,7.84375,7.9375,8.0625,7/1/2022,11.75,11.78125,11.875
7/1/2016,5.09375,5.3125,5.625,7/3/2017,7.03125,7.28125,7.59375,7/2/2018,5.9375,6.21875,6.5,7/2/2019,5.5625,5.65625,5.96875,7/1/2020,6,6,6.1875,7/2/2021,7.53125,7.625,7.75,7/5/2022,11.21875,11.25,11.34375
7/5/2016,5.21875,5.40625,5.71875,7/5/2017,7.15625,7.375,7.6875,7/3/2018,6.0625,6.34375,6.65625,7/3/2019,5.6875,5.78125,6.0625,7/2/2020,5.78125,5.875,6.0625,7/6/2021,7.1875,7.28125,7.40625,7/6/2022,11.0625,11.09375,11.21875
7/6/2016,5.1875,5.375,5.6875,7/6/2017,6.875,7.09375,7.4375,7/5/2018,6.34375,6.59375,6.875,7/5/2019,5.75,5.8125,6.09375,7/6/2020,5.84375,5.9375,6.125,7/7/2021,7.25,7.28125,7.4375,7/7/2022,11.5625,11.53125,11.625
7/7/2016,5.15625,5.375,5.6875,7/7/2017,6.78125,7,7.3125,7/6/2018,6.4375,6.71875,7,7/8/2019,5.78125,5.78125,6.0625,7/7/2020,5.9375,6,6.15625,7/8/2021,7.40625,7.375,7.5,7/8/2022,12.3125,12.25,12.34375
7/8/2016,5.28125,5.5,5.8125,7/10/2017,6.96875,7.1875,7.53125,7/9/2018,6.375,6.625,6.9375,7/9/2019,5.78125,5.75,6.0625,7/8/2020,6.09375,6.15625,6.3125,7/9/2021,7.46875,7.40625,7.53125,7/11/2022,11.96875,11.90625,12
7/11/2016,5.25,5.46875,5.78125,7/11/2017,7,7.1875,7.53125,7/10/2018,6.34375,6.5,6.78125,7/10/2019,5.78125,5.78125,6.0625,7/9/2020,6.125,6.21875,6.34375,7/12/2021,7.65625,7.65625,7.78125,7/12/2022,11.375,11.3125,11.40625
7/12/2016,5.3125,5.53125,5.84375,7/12/2017,6.71875,6.9375,7.28125,7/11/2018,6.125,6.25,6.59375,7/11/2019,6.03125,6.03125,6.28125,7/10/2020,6.09375,6.15625,6.3125,7/13/2021,7.65625,7.65625,7.78125,7/13/2022,11.25,11.1875,11.28125
7/13/2016,5.28125,5.46875,5.8125,7/13/2017,6.34375,6.5625,6.90625,7/12/2018,6.1875,6.34375,6.65625,7/12/2019,6,6.09375,6.34375,7/13/2020,6,6.125,6.28125,7/14/2021,7.71875,7.84375,8,7/14/2022,11.375,11.125,11.25
7/14/2016,5.21875,5.375,5.71875,7/14/2017,6.3125,6.5,6.8125,7/13/2018,6.1875,6.46875,6.78125,7/15/2019,5.84375,6.125,6.375,7/14/2020,5.96875,6.03125,6.1875,7/15/2021,8.0625,8.1875,8.28125,7/15/2022,10.90625,11,11.09375
7/15/2016,5.375,5.6875,5.9375,7/17/2017,6.4375,6.75,6.96875,7/16/2018,6.375,6.6875,6.9375,7/16/2019,5.84375,6.09375,6.375,7/15/2020,6.21875,6.34375,6.5,7/16/2021,8.21875,8.34375,8.4375,7/18/2022,11.34375,11.4375,11.53125
7/18/2016,5.4375,5.78125,6,7/18/2017,6.34375,6.6875,6.875,7/17/2018,6.46875,6.78125,7.03125,7/17/2019,5.75,6.03125,6.28125,7/16/2020,6.09375,6.25,6.40625,7/19/2021,8.3125,8.4375,8.53125,7/19/2022,11.1875,11.28125,11.34375
7/19/2016,5.34375,5.6875,5.90625,7/19/2017,6.3125,6.625,6.84375,7/18/2018,6.4375,6.75,7,7/18/2019,5.625,5.90625,6.15625,7/17/2020,6.09375,6.25,6.40625,7/20/2021,8.375,8.5,8.59375,7/20/2022,11.21875,11.3125,11.375
7/20/2016,5.3125,5.65625,5.875,7/20/2017,6.34375,6.6875,6.875,7/19/2018,6.59375,6.90625,7.15625,7/19/2019,5.75,6,6.25,7/20/2020,5.875,6.03125,6.1875,7/21/2021,8.40625,8.53125,8.625,7/21/2022,11.09375,11.15625,11.21875
7/21/2016,5.34375,5.6875,5.90625,7/21/2017,6.21875,6.5625,6.78125,7/20/2018,6.6875,7.03125,7.25,7/22/2019,5.625,5.875,6.125,7/21/2020,5.96875,6.09375,6.25,7/22/2021,8.21875,8.34375,8.4375,7/22/2022,10.59375,10.6875,10.75
7/22/2016,5.5,5.84375,6.0625,7/24/2017,6.09375,6.4375,6.65625,7/23/2018,6.71875,7.0625,7.3125,7/23/2019,5.65625,5.90625,6.125,7/22/2020,6.03125,6.15625,6.3125,7/23/2021,8.125,8.25,8.34375,7/25/2022,10.78125,10.875,10.9375
7/25/2016,5.59375,5.9375,6.15625,7/25/2017,5.90625,6.25,6.46875,7/24/2018,6.71875,7.03125,7.28125,7/24/2019,5.78125,6,6.21875,7/23/2020,5.90625,6.0625,6.21875,7/26/2021,8,8.15625,8.25,7/26/2022,11.3125,11.40625,11.4375
7/26/2016,5.4375,5.78125,6,7/26/2017,5.90625,6.25,6.46875,7/25/2018,7.0625,7.375,7.59375,7/25/2019,5.75,6,6.21875,7/24/2020,6.03125,6.1875,6.3125,7/27/2021,8.09375,8.21875,8.3125,7/27/2022,11.0625,11.15625,11.1875
7/27/2016,5.4375,5.78125,6,7/27/2017,6.03125,6.375,6.59375,7/26/2018,6.96875,7.3125,7.5625,7/26/2019,5.6875,5.9375,6.15625,7/27/2020,5.875,6.03125,6.15625,7/28/2021,8.25,8.40625,8.5,7/28/2022,11.40625,11.46875,11.53125
7/28/2016,5.375,5.71875,5.9375,7/28/2017,5.96875,6.3125,6.53125,7/27/2018,6.9375,7.3125,7.53125,7/29/2019,5.75,5.96875,6.1875,7/28/2020,5.84375,6,6.125,7/29/2021,8.40625,8.53125,8.625,7/29/2022,11.1875,11.28125,11.34375
7/29/2016,5.34375,5.6875,5.90625,7/31/2017,5.9375,6.25,6.5,7/30/2018,7.125,7.5,7.71875,7/30/2019,5.6875,5.9375,6.15625,7/29/2020,5.9375,6.09375,6.21875,7/30/2021,8.40625,8.53125,8.625,8/1/2022,11.125,11.21875,11.3125
8/1/2016,5.375,5.71875,5.9375,8/1/2017,5.84375,6.1875,6.40625,7/31/2018,7.25,7.59375,7.8125,7/31/2019,5.5625,5.8125,6.03125,7/30/2020,5.90625,6.03125,6.1875,8/2/2021,8.8125,8.9375,9.03125,8/2/2022,10.84375,10.9375,11.03125
8/2/2016,5.34375,5.6875,5.90625,8/2/2017,5.84375,6.1875,6.40625,8/1/2018,7.34375,7.6875,7.90625,8/1/2019,5.5,5.71875,5.9375,7/31/2020,5.9375,6.0625,6.21875,8/3/2021,8.875,9,9.09375,8/3/2022,10.71875,10.84375,10.90625
8/3/2016,5.375,5.71875,5.9375,8/3/2017,5.78125,6.125,6.375,8/2/2018,7.40625,7.78125,8,8/2/2019,5.5625,5.78125,6,8/3/2020,5.78125,5.90625,6.0625,8/4/2021,8.6875,8.84375,8.96875,8/4/2022,11.0625,11.15625,11.25
8/4/2016,5.28125,5.625,5.84375,8/4/2017,5.8125,6.15625,6.40625,8/3/2018,7.375,7.71875,7.96875,8/5/2019,5.625,5.84375,6.0625,8/4/2020,5.625,5.78125,5.9375,8/5/2021,8.65625,8.78125,8.90625,8/5/2022,10.96875,11.0625,11.15625
8/5/2016,5.40625,5.75,5.96875,8/7/2017,5.90625,6.28125,6.5,8/6/2018,7.625,7.96875,8.21875,8/6/2019,5.5625,5.78125,6,8/5/2020,5.65625,5.8125,5.9375,8/6/2021,8.84375,9,9.125,8/8/2022,10.90625,11,11.0625
8/8/2016,5.375,5.71875,5.9375,8/8/2017,5.84375,6.1875,6.40625,8/7/2018,7.5625,7.9375,8.15625,8/7/2019,5.5625,5.78125,6.03125,8/6/2020,5.5625,5.6875,5.84375,8/9/2021,8.8125,8.96875,9.09375,8/9/2022,10.96875,11.0625,11.125
8/9/2016,5.375,5.71875,5.9375,8/9/2017,5.875,6.25,6.46875,8/8/2018,7.59375,7.9375,8.1875,8/8/2019,5.53125,5.75,5.96875,8/7/2020,5.5625,5.71875,5.875,8/10/2021,8.9375,9.09375,9.1875,8/10/2022,11.15625,11.1875,11.28125
8/10/2016,5.375,5.71875,5.9375,8/10/2017,5.71875,6.0625,6.28125,8/9/2018,7.5625,7.875,8.15625,8/9/2019,5.5,5.71875,5.9375,8/10/2020,5.53125,5.6875,5.84375,8/11/2021,8.875,9.03125,9.15625,8/11/2022,11.34375,11.375,11.4375
8/11/2016,5.34375,5.6875,5.90625,8/11/2017,5.59375,5.9375,6.1875,8/10/2018,7.34375,7.6875,7.96875,8/12/2019,5.1875,5.40625,5.625,8/11/2020,5.53125,5.6875,5.84375,8/12/2021,9.25,9.40625,9.5,8/12/2022,11.34375,11.40625,11.4375
8/12/2016,5.375,5.71875,5.9375,8/14/2017,5.5625,5.90625,6.125,8/13/2018,7.09375,7.4375,7.75,8/13/2019,5.0625,5.28125,5.5,8/12/2020,5.53125,5.6875,5.8125,8/13/2021,9.28125,9.4375,9.5625,8/15/2022,11.40625,11.40625,11.4375
8/15/2016,5.3125,5.65625,5.84375,8/15/2017,5.4375,5.78125,6.03125,8/14/2018,7.125,7.46875,7.78125,8/14/2019,5.125,5.34375,5.53125,8/13/2020,5.625,5.75,5.875,8/16/2021,9.25,9.40625,9.53125,8/16/2022,11.1875,11.21875,11.21875
8/16/2016,5.28125,5.625,5.8125,8/16/2017,5.28125,5.625,5.875,8/15/2018,7.03125,7.40625,7.71875,8/15/2019,5.1875,5.375,5.59375,8/14/2020,5.65625,5.78125,5.90625,8/17/2021,9.0625,9.21875,9.3125,8/17/2022,11,11,11.03125
8/17/2016,5.375,5.6875,5.90625,8/17/2017,5.25,5.59375,5.84375,8/16/2018,7.1875,7.5625,7.875,8/16/2019,5.21875,5.4375,5.65625,8/17/2020,5.78125,5.9375,6.0625,8/18/2021,9.15625,9.3125,9.4375,8/18/2022,10.53125,10.5625,10.59375
8/18/2016,5.375,5.71875,5.90625,8/18/2017,5.21875,5.5625,5.8125,8/17/2018,7.375,7.71875,8.03125,8/19/2019,5.21875,5.40625,5.625,8/18/2020,5.65625,5.8125,5.9375,8/19/2021,9.1875,9.34375,9.46875,8/19/2022,10.96875,11,11
8/19/2016,5.375,5.71875,5.9375,8/21/2017,5.125,5.46875,5.71875,8/20/2018,7.125,7.5,7.8125,8/20/2019,5.15625,5.34375,5.5625,8/19/2020,5.78125,5.9375,6.0625,8/20/2021,9,9.1875,9.28125,8/22/2022,11.3125,11.3125,11.3125
8/22/2016,5.34375,5.6875,5.90625,8/22/2017,5,5.375,5.59375,8/21/2018,6.96875,7.34375,7.65625,8/21/2019,5.125,5.3125,5.53125,8/20/2020,5.8125,5.96875,6.09375,8/23/2021,8.90625,9.0625,9.1875,8/23/2022,11.4375,11.375,11.375
8/23/2016,5.25,5.59375,5.8125,8/23/2017,5,5.34375,5.5625,8/22/2018,6.875,7.25,7.5625,8/22/2019,5.21875,5.375,5.5625,8/21/2020,5.875,6.03125,6.15625,8/24/2021,8.875,9.03125,9.125,8/24/2022,11.625,11.59375,11.5625
8/24/2016,5.28125,5.59375,5.8125,8/24/2017,5.0625,5.4375,5.65625,8/23/2018,6.90625,7.25,7.5625,8/23/2019,5.1875,5.375,5.5625,8/24/2020,5.75,5.90625,6.03125,8/25/2021,8.84375,9,9.125,8/25/2022,11.21875,11.1875,11.1875
8/25/2016,5.25,5.59375,5.78125,8/25/2017,5.0625,5.40625,5.625,8/24/2018,6.75,7.125,7.4375,8/26/2019,5.15625,5.3125,5.53125,8/25/2020,5.84375,6,6.125,8/26/2021,9.0625,9.25,9.34375,8/26/2022,11.5,11.5,11.5
8/26/2016,5.0625,5.40625,5.625,8/28/2017,4.96875,5.3125,5.5625,8/27/2018,6.5,6.875,7.1875,8/27/2019,5.21875,5.375,5.5625,8/26/2020,5.90625,6.0625,6.1875,8/27/2021,9,9.15625,9.25,8/29/2022,11.875,11.875,11.875
8/29/2016,4.875,5.21875,5.4375,8/29/2017,4.96875,5.34375,5.5625,8/28/2018,6.46875,6.8125,7.125,8/28/2019,5.21875,5.375,5.5625,8/27/2020,6.03125,6.1875,6.34375,8/30/2021,8.875,8.96875,9.09375,8/30/2022,11.90625,11.75,11.75
8/30/2016,4.8125,5.1875,5.40625,8/30/2017,5.0625,5.40625,5.65625,8/29/2018,6.71875,7.09375,7.375,8/29/2019,5.15625,5.34375,5.53125,8/28/2020,6.0625,6.1875,6.3125,8/31/2021,8.90625,8.96875,9.09375,8/31/2022,12.125,11.96875,11.96875
8/31/2016,4.875,5.21875,5.4375,8/31/2017,5.09375,5.4375,5.65625,8/30/2018,6.65625,7.03125,7.3125,8/30/2019,5.03125,5.28125,5.5,8/31/2020,6.125,6.1875,6.34375,9/1/2021,8.78125,8.875,9,9/1/2022,11.34375,11.40625,11.40625
9/1/2016,4.96875,5.3125,5.53125,9/1/2017,5.125,5.4375,5.65625,8/31/2018,6.8125,7.21875,7.5,9/3/2019,4.8125,5.09375,5.3125,9/1/2020,6.3125,6.34375,6.46875,9/2/2021,8.8125,8.90625,9.03125,9/2/2022,11.4375,11.53125,11.53125
9/2/2016,5.03125,5.375,5.59375,9/5/2017,5.1875,5.5,5.71875,9/4/2018,6.6875,7.09375,7.375,9/4/2019,4.9375,5.09375,5.28125,9/2/2020,6.21875,6.25,6.40625,9/3/2021,8.96875,9.0625,9.15625,9/6/2022,11.5625,11.59375,11.625
9/6/2016,4.9375,5.28125,5.46875,9/6/2017,5.1875,5.5,5.6875,9/5/2018,6.625,6.96875,7.25,9/5/2019,5.0625,5.21875,5.375,9/3/2020,6.25,6.25,6.40625,9/7/2021,8.96875,9.0625,9.1875,9/7/2022,11.84375,11.84375,11.84375
9/7/2016,4.96875,5.28125,5.5,9/7/2017,5.03125,5.34375,5.5625,9/6/2018,6.4375,6.78125,7.09375,9/6/2019,4.9375,5.1875,5.375,9/4/2020,6.1875,6.15625,6.3125,9/8/2021,8.84375,8.9375,9.0625,9/8/2022,11.6875,11.6875,11.71875
9/8/2016,5.0625,5.40625,5.625,9/8/2017,5.0625,5.375,5.5625,9/7/2018,6.4375,6.78125,7.0625,9/9/2019,5,5.25,5.4375,9/8/2020,6.25,6.21875,6.34375,9/9/2021,8.5625,8.65625,8.75,9/9/2022,12.09375,12.09375,12.125
9/9/2016,5.125,5.46875,5.65625,9/11/2017,4.96875,5.25,5.46875,9/10/2018,6.625,7,7.25,9/10/2019,5.03125,5.3125,5.5,9/9/2020,6.21875,6.1875,6.34375,9/10/2021,8.59375,8.65625,8.78125,9/12/2022,12.1875,12.03125,12.0625
9/12/2016,5.21875,5.53125,5.71875,9/12/2017,5.0625,5.375,5.59375,9/11/2018,6.46875,6.84375,7.09375,9/11/2019,4.96875,5.25,5.4375,9/10/2020,6.28125,6.25,6.40625,9/13/2021,8.59375,8.6875,8.78125,9/13/2022,12.4375,12.28125,12.3125
9/13/2016,5.15625,5.46875,5.6875,9/13/2017,5.09375,5.40625,5.625,9/12/2018,6.28125,6.59375,6.875,9/12/2019,5.03125,5.34375,5.5,9/11/2020,6.25,6.21875,6.34375,9/14/2021,8.71875,8.90625,9.03125,9/14/2022,12.65625,12.46875,12.46875
9/14/2016,5.21875,5.53125,5.71875,9/14/2017,5.125,5.375,5.59375,9/13/2018,6.21875,6.53125,6.78125,9/13/2019,5.09375,5.3125,5.5,9/14/2020,6.25,6.25,6.375,9/15/2021,9.03125,9.15625,9.21875,9/15/2022,12.25,12.25,12.21875
9/15/2016,5.46875,5.6875,5.8125,9/15/2017,5.4375,5.65625,5.8125,9/14/2018,6.25,6.71875,7,9/16/2019,5.40625,5.59375,5.71875,9/15/2020,6.15625,6.3125,6.40625,9/16/2021,9.125,9.25,9.3125,9/16/2022,12.40625,12.375,12.375
9/16/2016,5.5,5.71875,5.875,9/18/2017,5.4375,5.65625,5.8125,9/17/2018,6.6875,6.96875,7.125,9/17/2019,5.3125,5.5,5.65625,9/16/2020,6.25,6.40625,6.5,9/17/2021,9.09375,9.21875,9.28125,9/19/2022,12.0625,12.03125,12.03125
9/19/2016,5.5,5.71875,5.84375,9/19/2017,5.4375,5.65625,5.8125,9/18/2018,6.6875,6.96875,7.15625,9/18/2019,5.4375,5.625,5.75,9/17/2020,6.40625,6.5625,6.65625,9/20/2021,8.96875,9.09375,9.15625,9/20/2022,12.875,12.8125,12.8125
9/20/2016,5.53125,5.71875,5.875,9/20/2017,5.53125,5.75,5.90625,9/19/2018,6.78125,7.09375,7.28125,9/19/2019,5.4375,5.625,5.75,9/18/2020,6.65625,6.8125,6.875,9/21/2021,8.84375,8.96875,9.03125,9/21/2022,13.03125,12.96875,12.9375
9/21/2016,5.53125,5.75,5.875,9/21/2017,5.53125,5.75,5.90625,9/20/2018,6.8125,7.09375,7.28125,9/20/2019,5.40625,5.59375,5.71875,9/21/2020,6.46875,6.625,6.71875,9/22/2021,9,9.125,9.1875,9/22/2022,13.21875,13.15625,13.125
9/22/2016,5.5,5.6875,5.84375,9/22/2017,5.5625,5.78125,5.9375,9/21/2018,6.78125,7.09375,7.25,9/23/2019,5.375,5.5625,5.6875,9/22/2020,6.53125,6.6875,6.78125,9/23/2021,9.125,9.21875,9.28125,9/23/2022,12.90625,12.875,12.84375
9/23/2016,5.5625,5.78125,5.90625,9/25/2017,5.625,5.84375,6,9/24/2018,6.84375,7.15625,7.3125,9/24/2019,5.375,5.53125,5.6875,9/23/2020,6.46875,6.625,6.71875,9/24/2021,9.09375,9.21875,9.25,9/26/2022,12.75,12.71875,12.6875
9/26/2016,5.46875,5.6875,5.8125,9/26/2017,5.59375,5.8125,5.96875,9/25/2018,6.75,7.0625,7.21875,9/25/2019,5.375,5.53125,5.65625,9/24/2020,6.46875,6.59375,6.6875,9/27/2021,9.09375,9.1875,9.25,9/27/2022,12.9375,12.90625,12.875
9/27/2016,5.53125,5.75,5.875,9/27/2017,5.71875,5.9375,6.125,9/26/2018,6.78125,7.09375,7.25,9/26/2019,5.40625,5.59375,5.71875,9/25/2020,6.375,6.5,6.59375,9/28/2021,8.9375,9.0625,9.09375,9/28/2022,13.28125,13.21875,13.1875
9/28/2016,5.5,5.71875,5.84375,9/28/2017,5.625,5.84375,6.03125,9/27/2018,6.75,7.0625,7.21875,9/27/2019,5.40625,5.5625,5.6875,9/28/2020,6.46875,6.59375,6.6875,9/29/2021,9.0625,9.1875,9.21875,9/29/2022,13.21875,13.1875,13.15625
9/29/2016,5.46875,5.6875,5.84375,9/29/2017,5.53125,5.75,5.90625,9/28/2018,6.59375,6.90625,7.0625,9/30/2019,5.5,5.65625,5.78125,9/29/2020,6.375,6.5,6.625,9/30/2021,9.28125,9.375,9.40625,9/30/2022,13.71875,13.625,13.53125
9/30/2016,5.46875,5.65625,5.8125,10/2/2017,5.5,5.71875,5.875,10/1/2018,6.5625,6.875,7.03125,10/1/2019,5.4375,5.59375,5.71875,9/30/2020,6.78125,6.90625,7,10/1/2021,9.59375,9.6875,9.71875,10/3/2022,13.46875,13.4375,13.375
10/3/2016,5.34375,5.5625,5.6875,10/3/2017,5.53125,5.71875,5.90625,10/2/2018,6.6875,7,7.1875,10/2/2019,5.40625,5.59375,5.71875,10/1/2020,6.71875,6.84375,6.9375,10/4/2021,9.5,9.59375,9.625,10/4/2022,13.34375,13.3125,13.25
10/4/2016,5.3125,5.53125,5.6875,10/4/2017,5.4375,5.65625,5.84375,10/3/2018,6.6875,6.96875,7.125,10/3/2019,5.40625,5.59375,5.71875,10/2/2020,6.78125,6.90625,7,10/5/2021,9.3125,9.40625,9.46875,10/5/2022,13.46875,13.4375,13.40625
10/5/2016,5.46875,5.6875,5.8125,10/5/2017,5.46875,5.6875,5.84375,10/4/2018,6.75,7.03125,7.1875,10/4/2019,5.375,5.5625,5.6875,10/5/2020,6.96875,7.0625,7.15625,10/6/2021,9.375,9.46875,9.5,10/6/2022,13.28125,13.21875,13.1875
10/6/2016,5.34375,5.5625,5.71875,10/6/2017,5.46875,5.6875,5.875,10/5/2018,6.78125,7.0625,7.21875,10/7/2019,5.34375,5.5625,5.6875,10/6/2020,7.09375,7.21875,7.3125,10/7/2021,9.3125,9.40625,9.4375,10/7/2022,13.3125,13.28125,13.25
10/7/2016,5.34375,5.5625,5.71875,10/9/2017,5.40625,5.625,5.8125,10/8/2018,6.71875,7,7.15625,10/8/2019,5.46875,5.65625,5.78125,10/7/2020,7.21875,7.34375,7.40625,10/8/2021,9.1875,9.3125,9.34375,10/10/2022,14.09375,14.0625,14
10/10/2016,5.375,5.59375,5.71875,10/10/2017,5.40625,5.625,5.8125,10/9/2018,6.71875,7.03125,7.1875,10/9/2019,5.5,5.6875,5.8125,10/8/2020,6.96875,7.09375,7.1875,10/11/2021,9.15625,9.28125,9.3125,10/11/2022,13.65625,13.625,13.59375
10/11/2016,5.375,5.59375,5.75,10/11/2017,5.34375,5.5625,5.75,10/10/2018,6.75,7.0625,7.21875,10/10/2019,5.34375,5.53125,5.6875,10/9/2020,7.03125,7.15625,7.21875,10/12/2021,9.21875,9.3125,9.375,10/12/2022,13.40625,13.375,13.34375
10/12/2016,5.28125,5.5,5.65625,10/12/2017,5.3125,5.53125,5.71875,10/11/2018,6.6875,7,7.15625,10/11/2019,5.53125,5.6875,5.84375,10/12/2020,6.96875,7.0625,7.15625,10/13/2021,8.96875,9.09375,9.125,10/13/2022,13.5,13.46875,13.4375
10/13/2016,5.46875,5.6875,5.8125,10/13/2017,5.4375,5.65625,5.84375,10/12/2018,6.8125,7.125,7.3125,10/14/2019,5.625,5.78125,5.90625,10/13/2020,6.96875,7.09375,7.1875,10/14/2021,9.03125,9.125,9.1875,10/14/2022,13.21875,13.1875,13.1875
10/14/2016,5.5,5.71875,5.84375,10/16/2017,5.4375,5.65625,5.84375,10/15/2018,6.90625,7.21875,7.375,10/15/2019,5.5625,5.71875,5.875,10/14/2020,7.03125,7.15625,7.25,10/15/2021,9.1875,9.28125,9.3125,10/17/2022,13.0625,13.03125,13
10/17/2016,5.53125,5.75,5.90625,10/17/2017,5.4375,5.65625,5.8125,10/16/2018,6.8125,7.15625,7.28125,10/16/2019,5.625,5.78125,5.90625,10/15/2020,7.375,7.5,7.5625,10/18/2021,9.28125,9.34375,9.375,10/18/2022,12.96875,12.9375,12.9375
10/18/2016,5.53125,5.75,5.90625,10/18/2017,5.34375,5.5625,5.75,10/17/2018,6.78125,7.09375,7.25,10/17/2019,5.65625,5.84375,5.9375,10/16/2020,7.375,7.46875,7.53125,10/19/2021,9.25,9.34375,9.375,10/19/2022,12.96875,12.9375,12.90625
10/19/2016,5.5625,5.8125,5.96875,10/19/2017,5.34375,5.59375,5.75,10/18/2018,6.75,7.0625,7.21875,10/18/2019,5.6875,5.84375,5.96875,10/19/2020,7.4375,7.53125,7.59375,10/20/2021,9.34375,9.4375,9.46875,10/20/2022,13.0625,13.0625,13.03125
10/20/2016,5.59375,5.8125,5.96875,10/20/2017,5.34375,5.5625,5.75,10/19/2018,6.75,7.09375,7.25,10/21/2019,5.5625,5.75,5.84375,10/20/2020,7.5,7.59375,7.65625,10/21/2021,9.25,9.3125,9.34375,10/21/2022,12.9375,12.90625,12.875
10/21/2016,5.625,5.84375,6,10/23/2017,5.46875,5.71875,5.90625,10/22/2018,6.65625,6.96875,7.15625,10/22/2019,5.5,5.6875,5.8125,10/21/2020,7.5,7.59375,7.65625,10/22/2021,9.5625,9.59375,9.59375,10/24/2022,12.84375,12.84375,12.8125
10/24/2016,5.46875,5.71875,5.875,10/24/2017,5.5,5.71875,5.90625,10/23/2018,6.625,6.96875,7.15625,10/23/2019,5.53125,5.71875,5.84375,10/22/2020,7.34375,7.46875,7.53125,10/25/2021,9.625,9.65625,9.65625,10/25/2022,12.71875,12.71875,12.6875
10/25/2016,5.53125,5.75,5.90625,10/25/2017,5.53125,5.78125,5.96875,10/24/2018,6.5,6.8125,7,10/24/2019,5.46875,5.65625,5.78125,10/23/2020,7.46875,7.5625,7.625,10/26/2021,9.625,9.65625,9.65625,10/26/2022,12.75,12.75,12.71875
10/26/2016,5.59375,5.8125,5.96875,10/26/2017,5.5,5.71875,5.90625,10/25/2018,6.34375,6.71875,6.875,10/25/2019,5.53125,5.6875,5.8125,10/26/2020,7.28125,7.375,7.46875,10/27/2021,9.65625,9.71875,9.71875,10/27/2022,12.65625,12.625,12.625
10/27/2016,5.59375,5.8125,5.96875,10/27/2017,5.4375,5.6875,5.84375,10/26/2018,6.5625,6.90625,7.09375,10/28/2019,5.4375,5.625,5.71875,10/27/2020,7.25,7.34375,7.40625,10/28/2021,9.75,9.78125,9.78125,10/28/2022,12.59375,12.5625,12.5625
10/28/2016,5.5,5.75,5.90625,10/30/2017,5.40625,5.65625,5.8125,10/29/2018,6.59375,6.9375,7.125,10/29/2019,5.46875,5.65625,5.78125,10/28/2020,7.25,7.3125,7.40625,10/29/2021,9.71875,9.78125,9.75,10/31/2022,13.34375,13.28125,13.21875
10/31/2016,5.5625,5.8125,5.96875,10/31/2017,5.375,5.59375,5.78125,10/30/2018,6.46875,6.8125,7,10/30/2019,5.5,5.65625,5.78125,10/29/2020,7.21875,7.3125,7.40625,11/1/2021,9.96875,10.03125,10,11/1/2022,13.5,13.4375,13.40625
11/1/2016,5.53125,5.78125,5.9375,11/1/2017,5.34375,5.5625,5.75,10/31/2018,6.5,6.8125,7,10/31/2019,5.53125,5.6875,5.8125,10/30/2020,7.21875,7.28125,7.375,11/2/2021,9.90625,9.9375,9.9375,11/2/2022,12.90625,12.875,12.84375
11/2/2016,5.5625,5.8125,5.96875,11/2/2017,5.4375,5.6875,5.84375,11/1/2018,6.5625,6.875,7.0625,11/1/2019,5.59375,5.75,5.875,11/2/2020,7.3125,7.375,7.4375,11/3/2021,9.78125,9.84375,9.84375,11/3/2022,12.9375,12.90625,12.875
11/3/2016,5.5,5.75,5.90625,11/3/2017,5.4375,5.6875,5.84375,11/2/2018,6.59375,6.90625,7.09375,11/4/2019,5.5625,5.71875,5.84375,11/3/2020,7.3125,7.375,7.4375,11/4/2021,9.78125,9.84375,9.84375,11/4/2022,12.84375,12.8125,12.78125
11/4/2016,5.5,5.75,5.9375,11/6/2017,5.46875,5.6875,5.84375,11/5/2018,6.625,6.90625,7.09375,11/5/2019,5.625,5.78125,5.875,11/4/2020,7.34375,7.4375,7.5,11/5/2021,9.6875,9.75,9.75,11/7/2022,12.90625,12.875,12.8125
11/7/2016,5.46875,5.71875,5.875,11/7/2017,5.4375,5.65625,5.84375,11/6/2018,6.65625,6.96875,7.15625,11/6/2019,5.625,5.78125,5.875,11/5/2020,7.34375,7.4375,7.5,11/8/2021,9.71875,9.78125,9.78125,11/8/2022,12.6875,12.65625,12.59375
11/8/2016,5.5625,5.78125,5.9375,11/8/2017,5.4375,5.65625,5.8125,11/7/2018,6.59375,6.875,7.03125,11/7/2019,5.59375,5.71875,5.8125,11/6/2020,7.25,7.34375,7.40625,11/9/2021,9.875,9.9375,9.9375,11/9/2022,12.59375,12.53125,12.5
11/9/2016,5.5,5.75,5.90625,11/9/2017,5.4375,5.65625,5.8125,11/8/2018,6.53125,6.84375,7,11/8/2019,5.5625,5.6875,5.8125,11/9/2020,7.1875,7.28125,7.34375,11/10/2021,10.21875,10.25,10.25,11/10/2022,12.3125,12.28125,12.21875
11/10/2016,5.5,5.75,5.90625,11/10/2017,5.5,5.71875,5.84375,11/9/2018,6.4375,6.71875,6.90625,11/11/2019,5.59375,5.6875,5.78125,11/10/2020,7.3125,7.40625,7.5,11/11/2021,10.40625,10.4375,10.4375,11/11/2022,12.5,12.4375,12.40625
11/11/2016,5.5625,5.78125,5.9375,11/13/2017,5.4375,5.65625,5.8125,11/12/2018,6.53125,6.8125,7,11/12/2019,5.8125,5.90625,5.96875,11/11/2020,7.25,7.34375,7.4375,11/12/2021,10.4375,10.46875,10.46875,11/14/2022,12.71875,12.65625,12.5625
11/14/2016,5.46875,5.6875,5.84375,11/14/2017,5.4375,5.65625,5.8125,11/13/2018,6.4375,6.75,6.90625,11/13/2019,5.625,5.75,5.84375,11/12/2020,7.15625,7.25,7.34375,11/15/2021,10.46875,10.5,10.46875,11/15/2022,12.78125,12.6875,12.59375
11/15/2016,5.5,5.71875,5.875,11/15/2017,5.34375,5.5625,5.71875,11/14/2018,6.375,6.6875,6.84375,11/14/2019,5.59375,5.71875,5.8125,11/13/2020,7.25,7.375,7.4375,11/16/2021,10.3125,10.34375,10.34375,11/16/2022,12.71875,12.59375,12.5
11/16/2016,5.4375,5.65625,5.8125,11/16/2017,5.3125,5.53125,5.71875,11/15/2018,6.3125,6.625,6.78125,11/15/2019,5.5,5.625,5.71875,11/16/2020,7.28125,7.40625,7.5,11/17/2021,10.5,10.53125,10.53125,11/17/2022,12.5,12.375,12.3125
11/17/2016,5.53125,5.75,5.90625,11/17/2017,5.375,5.59375,5.78125,11/16/2018,6.34375,6.65625,6.8125,11/18/2019,5.53125,5.625,5.71875,11/17/2020,7.25,7.34375,7.4375,11/18/2021,10.4375,10.46875,10.46875,11/18/2022,12.5,12.375,12.28125
11/18/2016,5.59375,5.8125,5.96875,11/20/2017,5.34375,5.5625,5.71875,11/19/2018,6.25,6.5625,6.71875,11/19/2019,5.65625,5.71875,5.8125,11/18/2020,7.28125,7.40625,7.5,11/19/2021,10.5625,10.59375,10.625,11/21/2022,12.5625,12.40625,12.34375
11/21/2016,5.5625,5.78125,5.96875,11/21/2017,5.375,5.59375,5.75,11/20/2018,6.28125,6.625,6.78125,11/20/2019,5.65625,5.75,5.84375,11/19/2020,7.1875,7.28125,7.34375,11/22/2021,10.9375,11,11,11/22/2022,12.375,12.1875,12.125
11/22/2016,5.59375,5.84375,6,11/22/2017,5.34375,5.5625,5.71875,11/21/2018,6.21875,6.53125,6.6875,11/21/2019,5.59375,5.6875,5.78125,11/20/2020,7.21875,7.3125,7.40625,11/23/2021,11.125,11.1875,11.1875,11/23/2022,12.40625,12.28125,12.1875
11/23/2016,5.59375,5.84375,6,11/24/2017,5.28125,5.5,5.65625,11/23/2018,6.09375,6.4375,6.59375,11/22/2019,5.625,5.75,5.84375,11/23/2020,7.21875,7.34375,7.40625,11/24/2021,11.0625,11.09375,11.09375,11/25/2022,12.34375,12.1875,12.09375
11/25/2016,5.5625,5.8125,5.96875,11/27/2017,5.1875,5.4375,5.59375,11/26/2018,6.15625,6.5,6.65625,11/25/2019,5.78125,5.90625,6.03125,11/24/2020,7.28125,7.40625,7.5,11/26/2021,11.0625,11.125,11.09375,11/28/2022,12.21875,12.09375,12
11/28/2016,5.53125,5.78125,5.9375,11/28/2017,5.25,5.46875,5.65625,11/27/2018,6.09375,6.4375,6.59375,11/26/2019,5.75,5.84375,5.96875,11/25/2020,7.0625,7.15625,7.25,11/29/2021,10.875,10.90625,10.90625,11/29/2022,12.21875,12.03125,11.9375
11/29/2016,5.34375,5.625,5.78125,11/29/2017,5.3125,5.5625,5.71875,11/28/2018,6.1875,6.53125,6.71875,11/27/2019,5.65625,5.8125,5.90625,11/27/2020,7.28125,7.34375,7.40625,11/30/2021,10.46875,10.5,10.5,11/30/2022,12.25,12.0625,11.96875
11/30/2016,5.25,5.5,5.65625,11/30/2017,5.34375,5.5625,5.71875,11/29/2018,6.1875,6.53125,6.71875,11/29/2019,5.8125,5.9375,6.03125,11/30/2020,7.09375,7.125,7.1875,12/1/2021,10.4375,10.5,10.5,12/1/2022,12.125,11.96875,11.875
12/1/2016,5.125,5.375,5.53125,12/1/2017,5.34375,5.5625,5.71875,11/30/2018,6.46875,6.65625,6.78125,12/2/2019,5.8125,5.84375,5.96875,12/1/2020,6.9375,6.96875,7.0625,12/2/2021,10.75,10.78125,10.78125,12/2/2022,11.875,11.71875,11.65625
12/2/2016,5.1875,5.4375,5.59375,12/4/2017,5.3125,5.5,5.65625,12/3/2018,6.375,6.6875,6.84375,12/3/2019,5.625,5.8125,5.90625,12/2/2020,7.125,7.15625,7.21875,12/3/2021,10.5625,10.59375,10.59375,12/5/2022,11.625,11.4375,11.40625
12/5/2016,5.1875,5.40625,5.59375,12/5/2017,5.25,5.46875,5.625,12/4/2018,6.40625,6.6875,6.84375,12/4/2019,5.625,5.8125,5.90625,12/3/2020,7,7.0625,7.15625,12/6/2021,10.46875,10.5,10.5,12/6/2022,11.53125,11.34375,11.28125
12/6/2016,5.125,5.375,5.53125,12/6/2017,5.1875,5.40625,5.59375,12/5/2018,6.375,6.65625,6.8125,12/5/2019,5.53125,5.75,5.84375,12/4/2020,6.90625,6.9375,7.03125,12/7/2021,10.46875,10.46875,10.46875,12/7/2022,11.8125,11.59375,11.53125
12/7/2016,5.0625,5.28125,5.4375,12/7/2017,5.1875,5.40625,5.5625,12/6/2018,6.28125,6.625,6.78125,12/6/2019,5.5,5.71875,5.8125,12/7/2020,6.9375,6.96875,7.0625,12/8/2021,10.25,10.28125,10.28125,12/8/2022,11.6875,11.5,11.40625
12/8/2016,5.09375,5.34375,5.5,12/8/2017,5.15625,5.375,5.53125,12/7/2018,6.4375,6.8125,6.96875,12/9/2019,5.4375,5.625,5.75,12/8/2020,6.875,6.875,6.9375,12/9/2021,10.09375,10.125,10.15625,12/9/2022,11.625,11.375,11.28125
12/9/2016,5.21875,5.4375,5.59375,12/11/2017,5.09375,5.3125,5.46875,12/10/2018,6.46875,6.84375,6.96875,12/10/2019,5.5,5.71875,5.8125,12/9/2020,7.0625,7.0625,7.125,12/10/2021,10.1875,10.25,10.25,12/12/2022,12,11.75,11.65625
12/12/2016,5.21875,5.4375,5.59375,12/12/2017,5.0625,5.28125,5.46875,12/11/2018,6.375,6.75,6.90625,12/11/2019,5.46875,5.6875,5.75,12/10/2020,7.15625,7.1875,7.25,12/13/2021,10.34375,10.40625,10.40625,12/13/2022,11.96875,11.71875,11.625
12/13/2016,5.25,5.4375,5.59375,12/13/2017,5.125,5.34375,5.5,12/12/2018,6.46875,6.8125,6.96875,12/12/2019,5.625,5.84375,5.9375,12/11/2020,7.40625,7.4375,7.46875,12/14/2021,10.34375,10.4375,10.4375,12/14/2022,11.78125,11.53125,11.4375
12/14/2016,5.3125,5.5625,5.71875,12/14/2017,5.15625,5.34375,5.53125,12/13/2018,6.5625,6.9375,7.09375,12/13/2019,5.625,5.84375,5.9375,12/14/2020,7.375,7.1875,7.21875,12/15/2021,10.0625,10.09375,10.03125,12/15/2022,11.75,11.65625,11.53125
12/15/2016,5.5,5.65625,5.8125,12/15/2017,5.375,5.53125,5.75,12/14/2018,6.59375,6.9375,7.09375,12/16/2019,6.0625,6.1875,6.25,12/15/2020,7.1875,7.25,7.25,12/16/2021,10.25,10.28125,10.15625,12/16/2022,11.5625,11.46875,11.40625
12/16/2016,5.53125,5.6875,5.84375,12/18/2017,5.40625,5.5625,5.75,12/17/2018,7,7.15625,7.28125,12/17/2019,6.15625,6.25,6.34375,12/16/2020,7.15625,7.21875,7.21875,12/17/2021,10.4375,10.4375,10.34375,,,,
12/19/2016,5.5625,5.71875,5.875,12/19/2017,5.40625,5.5625,5.78125,12/18/2018,6.96875,7.125,7.25,12/18/2019,6.0625,6.15625,6.25,12/17/2020,7.25,7.3125,7.3125,12/20/2021,10.53125,10.53125,10.40625,,,,
12/20/2016,5.53125,5.6875,5.84375,12/20/2017,5.4375,5.59375,5.8125,12/19/2018,6.84375,7,7.15625,12/19/2019,6.03125,6.15625,6.25,12/18/2020,7.28125,7.34375,7.375,12/21/2021,10.875,10.84375,10.6875,,,,
12/21/2016,5.5,5.65625,5.8125,12/21/2017,5.40625,5.5625,5.78125,12/20/2018,6.875,7.03125,7.1875,12/20/2019,6.0625,6.1875,6.28125,12/21/2020,7.375,7.4375,7.46875,12/22/2021,10.96875,10.9375,10.78125,,,,
12/22/2016,5.5,5.65625,5.8125,12/22/2017,5.375,5.5625,5.75,12/21/2018,6.84375,7,7.15625,12/23/2019,6.03125,6.125,6.25,12/22/2020,7.46875,7.53125,7.5625,12/23/2021,11.03125,11,10.84375,,,,
12/23/2016,5.5,5.65625,5.8125,12/26/2017,5.34375,5.5,5.71875,12/24/2018,6.84375,7,7.15625,12/24/2019,6.0625,6.15625,6.28125,12/23/2020,7.5625,7.59375,7.625,12/27/2021,10.8125,10.8125,10.71875,,,,
12/27/2016,5.6875,5.84375,6,12/27/2017,5.375,5.5625,5.78125,12/26/2018,6.71875,6.875,7.03125,12/26/2019,6.1875,6.28125,6.375,12/24/2020,7.59375,7.625,7.625,12/28/2021,10.53125,10.5625,10.53125,,,,
12/28/2016,5.5625,5.71875,5.84375,12/28/2017,5.375,5.53125,5.75,12/27/2018,6.75,6.90625,7.0625,12/27/2019,6.28125,6.375,6.46875,12/28/2020,7.40625,7.46875,7.46875,12/29/2021,10.53125,10.5625,10.46875,,,,
12/29/2016,5.59375,5.75,5.90625,12/29/2017,5.375,5.53125,5.75,12/28/2018,6.75,6.9375,7.09375,12/30/2019,6.28125,6.375,6.46875,12/29/2020,7.5,7.53125,7.5625,12/30/2021,10.34375,10.375,10.28125,,,,
12/30/2016,5.625,5.78125,5.9375,,,,,12/31/2018,6.65625,6.84375,7,12/31/2019,6.3125,6.40625,6.5,12/30/2020,7.65625,7.71875,7.71875,12/31/2021,10.125,10.125,10.09375,,,,
,,,,,,,,,,,,,,,,12/31/2020,7.6875,7.71875,7.71875,,,,,,,,