2016,MWC1 2016,MWC2 2016,MWC3 2016,2017,MWC1 2017,MWC2 2017,MWC3 2017,2018,MWC1 2018,MWC2 2018,MWC3 2018,2019,MWC1 2019,MWC2 2019,MWC3 2019,2020,MWC1 2020,MWC2 2020,MWC3 2020,2021,MWC1 2021,MWC2 2021,MWC3 2021,2022,MWC1 2022,MWC2 2022,MWC3 2022
1/4/2016,6.75,6.90625,7.03125,1/3/2017,7.21875,7.1875,7.21875,1/2/2018,7.71875,7.8125,7.875,1/2/2019,7.53125,7.59375,7.6875,1/2/2020,7.25,7.375,7.46875,1/4/2021,7.65625,7.75,7.8125,1/3/2022,12.34375,12.28125,12.0625
1/5/2016,6.8125,6.9375,7.09375,1/4/2017,7.25,7.1875,7.21875,1/3/2018,7.78125,7.84375,7.90625,1/3/2019,7.625,7.6875,7.78125,1/3/2020,7.125,7.25,7.34375,1/5/2021,7.6875,7.8125,7.84375,1/4/2022,12.34375,12.28125,12.09375
1/6/2016,6.90625,7,7.125,1/5/2017,7.28125,7.21875,7.21875,1/4/2018,7.84375,7.90625,7.9375,1/4/2019,7.625,7.6875,7.78125,1/6/2020,7.09375,7.21875,7.3125,1/6/2021,7.6875,7.78125,7.84375,1/5/2022,12.09375,12.03125,11.875
1/7/2016,6.96875,7.0625,7.21875,1/6/2017,7.3125,7.25,7.21875,1/5/2018,7.78125,7.84375,7.875,1/7/2019,7.5625,7.625,7.71875,1/7/2020,7.125,7.21875,7.3125,1/7/2021,7.65625,7.75,7.8125,1/6/2022,11.75,11.71875,11.625
1/8/2016,7.09375,7.1875,7.3125,1/9/2017,7.40625,7.3125,7.28125,1/8/2018,7.78125,7.84375,7.875,1/8/2019,7.53125,7.59375,7.6875,1/8/2020,7.15625,7.25,7.34375,1/8/2021,7.71875,7.8125,7.84375,1/7/2022,11.6875,11.625,11.53125
1/11/2016,7,7.125,7.25,1/10/2017,7.4375,7.3125,7.25,1/9/2018,7.875,7.9375,7.96875,1/9/2019,7.53125,7.59375,7.6875,1/9/2020,7.21875,7.3125,7.40625,1/11/2021,7.75,7.84375,7.90625,1/10/2022,11.59375,11.5625,11.5
1/12/2016,7.21875,7.3125,7.4375,1/11/2017,7.40625,7.25,7.1875,1/10/2018,7.96875,8.03125,8.0625,1/10/2019,7.46875,7.53125,7.625,1/10/2020,7.28125,7.40625,7.5,1/12/2021,7.875,8,8.03125,1/11/2022,11.65625,11.625,11.5625
1/13/2016,7.15625,7.25,7.375,1/12/2017,7.53125,7.375,7.28125,1/11/2018,7.875,7.9375,8,1/11/2019,7.5625,7.625,7.6875,1/13/2020,7.25,7.375,7.4375,1/13/2021,7.96875,8.09375,8.125,1/12/2022,11.5,11.5,11.4375
1/14/2016,7.0625,7.1875,7.28125,1/13/2017,7.625,7.40625,7.34375,1/12/2018,7.625,7.71875,7.78125,1/14/2019,7.5,7.5625,7.65625,1/14/2020,7.25,7.375,7.46875,1/14/2021,8.09375,8.1875,8.25,1/13/2022,11.21875,11.1875,11.1875
1/15/2016,7.21875,7.3125,7.40625,1/17/2017,7.375,7.28125,7.25,1/16/2018,7.59375,7.71875,7.78125,1/15/2019,7.46875,7.53125,7.625,1/15/2020,7.25,7.34375,7.4375,1/15/2021,8.1875,8.3125,8.34375,1/14/2022,11.03125,11,10.96875
1/19/2016,7.21875,7.3125,7.40625,1/18/2017,7.625,7.46875,7.4375,1/17/2018,7.59375,7.71875,7.8125,1/16/2019,7.5,7.5625,7.65625,1/16/2020,7.1875,7.28125,7.375,1/19/2021,8.1875,8.3125,8.375,1/18/2022,11.34375,11.3125,11.21875
1/20/2016,7.1875,7.25,7.34375,1/19/2017,7.6875,7.5,7.46875,1/18/2018,7.59375,7.6875,7.78125,1/17/2019,7.59375,7.65625,7.75,1/17/2020,7.3125,7.4375,7.5,1/20/2021,8.0625,8.15625,8.21875,1/19/2022,11.75,11.71875,11.59375
1/21/2016,7.125,7.21875,7.28125,1/20/2017,7.5625,7.46875,7.4375,1/19/2018,7.59375,7.71875,7.78125,1/18/2019,7.625,7.6875,7.75,1/21/2020,7.34375,7.46875,7.53125,1/21/2021,8.03125,8.125,8.1875,1/20/2022,11.8125,11.75,11.65625
1/22/2016,7,7.09375,7.1875,1/23/2017,7.46875,7.375,7.34375,1/22/2018,7.5625,7.65625,7.75,1/22/2019,7.625,7.6875,7.78125,1/22/2020,7.28125,7.40625,7.5,1/22/2021,7.8125,7.90625,8,1/21/2022,11.78125,11.71875,11.625
1/25/2016,7.15625,7.21875,7.3125,1/24/2017,7.375,7.3125,7.3125,1/23/2018,7.5,7.625,7.71875,1/23/2019,7.6875,7.71875,7.8125,1/23/2020,7.28125,7.40625,7.5,1/25/2021,7.96875,8.09375,8.15625,1/24/2022,11.96875,11.9375,11.8125
1/26/2016,7.09375,7.1875,7.28125,1/25/2017,7.28125,7.21875,7.21875,1/24/2018,7.5,7.625,7.75,1/24/2019,7.6875,7.75,7.8125,1/24/2020,7.1875,7.3125,7.4375,1/26/2021,8.09375,8.21875,8.28125,1/25/2022,11.96875,11.90625,11.84375
1/27/2016,7,7.0625,7.15625,1/26/2017,7.40625,7.3125,7.3125,1/25/2018,7.5625,7.6875,7.78125,1/25/2019,7.59375,7.625,7.71875,1/27/2020,7.21875,7.34375,7.4375,1/27/2021,8.09375,8.21875,8.28125,1/26/2022,11.59375,11.5625,11.53125
1/28/2016,6.9375,7.03125,7.125,1/27/2017,7.375,7.3125,7.3125,1/26/2018,7.5625,7.6875,7.75,1/28/2019,7.625,7.65625,7.71875,1/28/2020,7.125,7.25,7.375,1/28/2021,7.9375,8.0625,8.15625,1/27/2022,11.5,11.46875,11.40625
1/29/2016,7,7.0625,7.15625,1/30/2017,7.21875,7.21875,7.25,1/29/2018,7.5625,7.6875,7.78125,1/29/2019,7.53125,7.59375,7.65625,1/29/2020,7.0625,7.1875,7.3125,1/29/2021,8.09375,8.21875,8.28125,1/28/2022,11.75,11.71875,11.625
2/1/2016,6.90625,6.96875,7.09375,1/31/2017,7.15625,7.125,7.1875,1/30/2018,7.59375,7.71875,7.8125,1/30/2019,7.5,7.5625,7.65625,1/30/2020,7.09375,7.21875,7.34375,2/1/2021,8,8.125,8.1875,1/31/2022,11.53125,11.46875,11.375
2/2/2016,6.96875,7.0625,7.15625,2/1/2017,7.25,7.21875,7.28125,1/31/2018,7.46875,7.625,7.71875,1/31/2019,7.46875,7.53125,7.625,1/31/2020,7.0625,7.1875,7.3125,2/2/2021,7.9375,8.0625,8.125,2/1/2022,11.59375,11.5625,11.46875
2/3/2016,6.90625,6.96875,7.0625,2/2/2017,7.3125,7.28125,7.3125,2/1/2018,7.5,7.625,7.71875,2/1/2019,7.53125,7.59375,7.6875,2/3/2020,7.09375,7.21875,7.34375,2/3/2021,8,8.125,8.1875,2/2/2022,11.5,11.46875,11.375
2/4/2016,6.8125,6.875,6.96875,2/3/2017,7.28125,7.25,7.28125,2/2/2018,7.5,7.625,7.75,2/4/2019,7.53125,7.5625,7.6875,2/4/2020,7.0625,7.1875,7.3125,2/4/2021,7.96875,8.09375,8.21875,2/3/2022,11.40625,11.375,11.3125
2/5/2016,6.84375,6.90625,7,2/6/2017,7.25,7.25,7.28125,2/5/2018,7.53125,7.6875,7.8125,2/5/2019,7.53125,7.59375,7.6875,2/5/2020,7.09375,7.21875,7.34375,2/5/2021,7.96875,8.125,8.21875,2/4/2022,11.65625,11.625,11.53125
2/8/2016,6.78125,6.84375,6.96875,2/7/2017,7.3125,7.3125,7.34375,2/6/2018,7.59375,7.75,7.84375,2/6/2019,7.5625,7.625,7.6875,2/6/2020,7.0625,7.21875,7.3125,2/8/2021,8.09375,8.21875,8.3125,2/7/2022,11.65625,11.65625,11.5625
2/9/2016,6.75,6.8125,6.96875,2/8/2017,7.3125,7.3125,7.34375,2/7/2018,7.6875,7.84375,7.96875,2/7/2019,7.5,7.5625,7.65625,2/7/2020,7.125,7.25,7.375,2/9/2021,7.9375,8.09375,8.1875,2/8/2022,11.96875,11.90625,11.8125
2/10/2016,6.78125,6.84375,6.96875,2/9/2017,7.46875,7.4375,7.46875,2/8/2018,7.71875,7.875,8,2/8/2019,7.5625,7.5625,7.625,2/10/2020,7.09375,7.25,7.34375,2/10/2021,7.84375,8,8.09375,2/9/2022,12.09375,12.03125,11.96875
2/11/2016,6.78125,6.84375,6.96875,2/10/2017,7.5,7.46875,7.46875,2/9/2018,7.59375,7.75,7.875,2/11/2019,7.625,7.5625,7.65625,2/11/2020,7.0625,7.1875,7.3125,2/11/2021,7.8125,7.96875,8.0625,2/10/2022,12,11.9375,11.84375
2/12/2016,6.71875,6.75,6.84375,2/13/2017,7.46875,7.46875,7.46875,2/12/2018,7.65625,7.8125,7.9375,2/12/2019,7.625,7.5625,7.625,2/12/2020,7.03125,7.15625,7.28125,2/12/2021,7.8125,7.9375,8.0625,2/11/2022,12.25,12.1875,12.09375
2/16/2016,6.8125,6.84375,6.96875,2/14/2017,7.4375,7.4375,7.46875,2/13/2018,7.5625,7.75,7.875,2/13/2019,7.6875,7.59375,7.65625,2/13/2020,7,7.125,7.21875,2/16/2021,8,8.125,8.21875,2/14/2022,12.28125,12.25,12.15625
2/17/2016,6.75,6.78125,6.90625,2/15/2017,7.4375,7.46875,7.5,2/14/2018,7.5,7.65625,7.78125,2/14/2019,7.625,7.5625,7.59375,2/14/2020,6.96875,7.09375,7.1875,2/17/2021,7.90625,8.0625,8.15625,2/15/2022,12.125,12.09375,12
2/18/2016,6.75,6.78125,6.875,2/16/2017,7.1875,7.28125,7.34375,2/15/2018,7.59375,7.71875,7.84375,2/15/2019,7.59375,7.5,7.5625,2/18/2020,7.15625,7.28125,7.375,2/18/2021,8,8.15625,8.25,2/16/2022,12.0625,12.0625,11.96875
2/19/2016,6.78125,6.84375,6.96875,2/17/2017,7.15625,7.25,7.34375,2/16/2018,7.59375,7.71875,7.84375,2/19/2019,7.34375,7.34375,7.40625,2/19/2020,7.09375,7.21875,7.34375,2/19/2021,7.9375,8.0625,8.15625,2/17/2022,12.15625,12.15625,12.09375
2/22/2016,6.75,6.84375,6.9375,2/21/2017,7.125,7.21875,7.28125,2/20/2018,7.625,7.75,7.84375,2/20/2019,7.21875,7.21875,7.28125,2/20/2020,7.03125,7.15625,7.28125,2/22/2021,8.03125,8.1875,8.28125,2/18/2022,12.25,12.25,12.1875
2/23/2016,6.6875,6.78125,6.90625,2/22/2017,7.15625,7.28125,7.34375,2/21/2018,7.625,7.78125,7.90625,2/21/2019,7.375,7.375,7.4375,2/21/2020,6.96875,7.125,7.25,2/23/2021,8,8.15625,8.25,2/22/2022,12.59375,12.625,12.5625
2/24/2016,6.65625,6.71875,6.84375,2/23/2017,7.125,7.25,7.34375,2/22/2018,7.65625,7.8125,7.9375,2/22/2019,7.4375,7.40625,7.46875,2/24/2020,6.84375,7,7.15625,2/24/2021,8.09375,8.21875,8.3125,2/23/2022,12.75,12.78125,12.75
2/25/2016,6.59375,6.65625,6.78125,2/24/2017,7.125,7.25,7.3125,2/23/2018,7.59375,7.75,7.875,2/25/2019,7.40625,7.28125,7.34375,2/25/2020,6.84375,7.03125,7.15625,2/25/2021,8.09375,8.1875,8.28125,2/24/2022,13.1875,13.0625,12.96875
2/26/2016,6.625,6.625,6.75,2/27/2017,7.0625,7.21875,7.3125,2/26/2018,7.5625,7.71875,7.84375,2/26/2019,7.40625,7.3125,7.375,2/26/2020,6.875,7.0625,7.1875,2/26/2021,8.03125,8.125,8.25,2/25/2022,12.09375,12.1875,12.125
2/29/2016,6.65625,6.625,6.71875,2/28/2017,7.1875,7.3125,7.375,2/27/2018,7.625,7.78125,7.90625,2/27/2019,7.40625,7.28125,7.34375,2/27/2020,6.8125,7,7.15625,3/1/2021,7.9375,8,8.125,2/28/2022,12.53125,12.59375,12.5
3/1/2016,6.5,6.5,6.59375,3/1/2017,7.375,7.46875,7.53125,2/28/2018,7.78125,7.96875,8.09375,2/28/2019,7.46875,7.375,7.40625,2/28/2020,6.84375,7.0625,7.1875,3/2/2021,8.09375,8.15625,8.21875,3/1/2022,13.4375,13.4375,13.3125
3/2/2016,6.6875,6.5625,6.65625,3/2/2017,7.21875,7.40625,7.46875,3/1/2018,7.96875,8.15625,8.21875,3/1/2019,7.46875,7.4375,7.40625,3/2/2020,6.8125,7.03125,7.15625,3/3/2021,8.03125,8.125,8.21875,3/2/2022,13.375,13.375,13.1875
3/3/2016,6.6875,6.6875,6.78125,3/3/2017,7.1875,7.3125,7.40625,3/2/2018,7.8125,8,8.09375,3/4/2019,7.34375,7.34375,7.375,3/3/2020,6.96875,7.15625,7.28125,3/4/2021,8.0625,8.15625,8.21875,3/3/2022,14.40625,14.1875,13.8125
3/4/2016,6.6875,6.625,6.71875,3/6/2017,7.125,7.28125,7.375,3/5/2018,8.0625,8.09375,8.1875,3/5/2019,7.40625,7.40625,7.46875,3/4/2020,6.90625,7.09375,7.21875,3/5/2021,8.0625,8.15625,8.25,3/4/2022,14.3125,14.59375,14.28125
3/7/2016,6.71875,6.65625,6.75,3/7/2017,7.09375,7.25,7.34375,3/6/2018,8.0625,8.09375,8.1875,3/6/2019,7.5,7.4375,7.46875,3/5/2020,6.78125,7,7.125,3/8/2021,8.0625,8.125,8.21875,3/7/2022,15.1875,15.34375,14.96875
3/8/2016,6.78125,6.75,6.875,3/8/2017,7.09375,7.21875,7.3125,3/7/2018,8,8,8.09375,3/7/2019,7.5,7.4375,7.4375,3/6/2020,6.84375,7.0625,7.1875,3/9/2021,8.15625,8.1875,8.28125,3/8/2022,14.96875,14.75,14.3125
3/9/2016,6.71875,6.6875,6.8125,3/9/2017,7.21875,7.28125,7.375,3/8/2018,8.03125,8.0625,8.15625,3/8/2019,7.46875,7.375,7.40625,3/9/2020,6.96875,7.125,7.28125,3/10/2021,8.03125,8.09375,8.1875,3/9/2022,14.46875,13.875,13.5625
3/10/2016,6.84375,6.84375,6.9375,3/10/2017,7.21875,7.25,7.34375,3/9/2018,7.875,7.90625,8,3/11/2019,7.375,7.3125,7.34375,3/10/2020,6.9375,7.125,7.25,3/11/2021,7.875,7.9375,8.03125,3/10/2022,14.15625,13.46875,13.21875
3/11/2016,6.8125,6.8125,6.90625,3/13/2017,7.03125,7.15625,7.25,3/12/2018,8.03125,8.03125,8.125,3/12/2019,7.375,7.5,7.53125,3/11/2020,6.875,7.0625,7.1875,3/12/2021,7.84375,7.90625,8,3/11/2022,14,13.625,13.40625
3/14/2016,6.84375,6.90625,7.03125,3/14/2017,7,7.1875,7.28125,3/13/2018,8.15625,8.09375,8.1875,3/13/2019,7.28125,7.3125,7.375,3/12/2020,6.9375,7.09375,7.25,3/15/2021,7.96875,8.0625,8.125,3/14/2022,14.09375,13.71875,13.5625
3/15/2016,6.9375,7.0625,7.1875,3/15/2017,7.1875,7.28125,7.34375,3/14/2018,8.0625,8.0625,8.125,3/14/2019,7.28125,7.375,7.40625,3/13/2020,6.875,7,7.15625,3/16/2021,7.9375,8.03125,8.09375,3/15/2022,14.15625,13.96875,13.59375
3/16/2016,6.75,6.875,7,3/16/2017,7.3125,7.375,7.4375,3/15/2018,8.03125,8.125,8.1875,3/15/2019,7.40625,7.4375,7.53125,3/16/2020,7.15625,7.28125,7.4375,3/17/2021,7.84375,7.9375,8,3/16/2022,13.3125,13.15625,12.875
3/17/2016,6.625,6.75,6.875,3/17/2017,7.3125,7.40625,7.46875,3/16/2018,8,8.09375,8.1875,3/18/2019,7.46875,7.5,7.5625,3/17/2020,7.21875,7.375,7.5,3/18/2021,7.8125,7.90625,8,3/17/2022,13.625,13.46875,13.1875
3/18/2016,6.625,6.71875,6.84375,3/20/2017,7.3125,7.375,7.4375,3/19/2018,7.8125,7.90625,8.03125,3/19/2019,7.53125,7.5,7.5625,3/18/2020,7.375,7.5,7.65625,3/19/2021,7.84375,7.9375,8.03125,3/18/2022,13.375,13.28125,12.96875
3/21/2016,6.71875,6.8125,6.9375,3/21/2017,7.1875,7.25,7.34375,3/20/2018,7.75,7.875,8,3/20/2019,7.59375,7.5625,7.625,3/19/2020,7.53125,7.65625,7.78125,3/22/2021,7.84375,7.9375,8.03125,3/21/2022,13.71875,13.625,13.25
3/22/2016,6.71875,6.8125,6.9375,3/22/2017,7.15625,7.25,7.3125,3/21/2018,7.59375,7.71875,7.84375,3/21/2019,7.625,7.625,7.6875,3/20/2020,7.46875,7.59375,7.71875,3/23/2021,7.9375,8.03125,8.125,3/22/2022,13.78125,13.71875,13.4375
3/23/2016,6.75,6.875,7,3/23/2017,7.21875,7.3125,7.375,3/22/2018,7.6875,7.78125,7.875,3/22/2019,7.6875,7.65625,7.71875,3/23/2020,7.6875,7.8125,7.90625,3/24/2021,7.875,8,8.09375,3/23/2022,13.6875,13.625,13.375
3/24/2016,6.8125,6.90625,7.0625,3/24/2017,7.15625,7.25,7.34375,3/23/2018,7.78125,7.84375,7.9375,3/25/2019,7.6875,7.625,7.6875,3/24/2020,7.75,7.84375,7.96875,3/25/2021,7.78125,7.90625,8,3/24/2022,13.5625,13.53125,13.28125
3/28/2016,6.8125,6.9375,7.0625,3/27/2017,7.125,7.21875,7.3125,3/26/2018,7.65625,7.78125,7.84375,3/26/2019,7.59375,7.59375,7.625,3/25/2020,7.625,7.75,7.875,3/26/2021,7.71875,7.84375,7.9375,3/25/2022,13.78125,13.75,13.5
3/29/2016,6.8125,6.9375,7.0625,3/28/2017,7.15625,7.25,7.34375,3/27/2018,7.65625,7.75,7.84375,3/27/2019,7.625,7.59375,7.65625,3/26/2020,7.4375,7.5625,7.6875,3/29/2021,7.6875,7.8125,7.90625,3/28/2022,13.5,13.5,13.25
3/30/2016,6.6875,6.78125,6.90625,3/29/2017,7.25,7.3125,7.40625,3/28/2018,7.625,7.71875,7.8125,3/28/2019,7.53125,7.53125,7.59375,3/27/2020,7.5,7.625,7.75,3/30/2021,7.59375,7.71875,7.8125,3/29/2022,13.03125,13.03125,12.78125
3/31/2016,6.875,7,7.125,3/30/2017,7.25,7.34375,7.40625,3/29/2018,7.4375,7.5625,7.65625,3/29/2019,7.40625,7.4375,7.5,3/30/2020,7.5625,7.71875,7.84375,3/31/2021,7.65625,7.78125,7.90625,3/30/2022,13.21875,13.1875,12.9375
4/1/2016,6.875,7,7.125,3/31/2017,7.125,7.21875,7.3125,4/2/2018,7.40625,7.53125,7.59375,4/1/2019,7.34375,7.40625,7.5,3/31/2020,7.59375,7.71875,7.8125,4/1/2021,7.53125,7.625,7.75,3/31/2022,13.5,13.46875,13.09375
4/4/2016,6.9375,7.03125,7.15625,4/3/2017,7.09375,7.21875,7.3125,4/3/2018,7.46875,7.59375,7.65625,4/2/2019,7.21875,7.3125,7.40625,4/1/2020,7.4375,7.59375,7.71875,4/5/2021,7.59375,7.71875,7.8125,4/1/2022,13.34375,13.34375,13.03125
4/5/2016,6.90625,7,7.125,4/4/2017,7.0625,7.1875,7.28125,4/4/2018,7.375,7.5,7.59375,4/3/2019,7.125,7.25,7.375,4/2/2020,7.34375,7.5,7.625,4/6/2021,7.6875,7.78125,7.875,4/4/2022,13.5625,13.5625,13.25
4/6/2016,6.75,6.875,7,4/5/2017,7.03125,7.15625,7.25,4/5/2018,7.53125,7.65625,7.78125,4/4/2019,7.03125,7.15625,7.3125,4/3/2020,7.4375,7.59375,7.71875,4/7/2021,7.875,7.96875,8.0625,4/5/2022,13.875,13.875,13.5625
4/7/2016,6.75,6.875,7,4/6/2017,7,7.09375,7.21875,4/6/2018,7.75,7.875,7.96875,4/5/2019,7,7.125,7.25,4/6/2020,7.4375,7.59375,7.71875,4/8/2021,8.03125,8.125,8.21875,4/6/2022,13.90625,13.90625,13.625
4/8/2016,6.78125,6.875,7,4/7/2017,6.9375,7.0625,7.15625,4/9/2018,7.96875,8.09375,8.15625,4/8/2019,6.96875,7.09375,7.21875,4/7/2020,7.34375,7.5,7.59375,4/9/2021,8.1875,8.28125,8.375,4/7/2022,13.84375,13.84375,13.5625
4/11/2016,6.59375,6.6875,6.8125,4/10/2017,6.90625,7.03125,7.125,4/10/2018,7.90625,8.03125,8.09375,4/9/2019,6.96875,7.09375,7.21875,4/8/2020,7.4375,7.5625,7.6875,4/12/2021,8.0625,8.15625,8.25,4/8/2022,14.15625,14.15625,13.90625
4/12/2016,6.59375,6.6875,6.78125,4/11/2017,7.03125,7.125,7.25,4/11/2018,7.90625,8.03125,8.0625,4/10/2019,7.0625,7.15625,7.28125,4/9/2020,7.4375,7.59375,7.71875,4/13/2021,8.125,8.21875,8.28125,4/11/2022,14.4375,14.40625,14.125
4/13/2016,6.65625,6.75,6.84375,4/12/2017,7,7.125,7.21875,4/12/2018,7.84375,7.96875,8,4/11/2019,7.125,7.21875,7.3125,4/13/2020,7.34375,7.5,7.625,4/14/2021,8.28125,8.375,8.4375,4/12/2022,14.625,14.625,14.34375
4/14/2016,6.71875,6.78125,6.875,4/13/2017,7.0625,7.1875,7.28125,4/13/2018,7.78125,7.90625,7.9375,4/12/2019,7.0625,7.15625,7.25,4/14/2020,7.21875,7.40625,7.53125,4/15/2021,8.3125,8.40625,8.46875,4/13/2022,14.5625,14.5625,14.375
4/15/2016,6.71875,6.78125,6.875,4/17/2017,7.03125,7.15625,7.25,4/16/2018,7.625,7.75,7.78125,4/15/2019,7.09375,7.15625,7.25,4/15/2020,7.25,7.4375,7.59375,4/16/2021,8.3125,8.40625,8.46875,4/14/2022,14.40625,14.4375,14.28125
4/18/2016,6.75,6.8125,6.90625,4/18/2017,7.21875,7.3125,7.40625,4/17/2018,7.6875,7.78125,7.84375,4/16/2019,7.03125,7.09375,7.15625,4/16/2020,7.125,7.3125,7.46875,4/19/2021,8.3125,8.40625,8.46875,4/18/2022,14.8125,14.875,14.625
4/19/2016,6.8125,6.875,7,4/19/2017,7.25,7.34375,7.4375,4/18/2018,7.8125,7.875,7.9375,4/17/2019,7.03125,7.09375,7.1875,4/17/2020,7.09375,7.28125,7.4375,4/20/2021,8.4375,8.53125,8.59375,4/19/2022,14.75,14.78125,14.59375
4/20/2016,6.96875,7.0625,7.15625,4/20/2017,7.09375,7.21875,7.3125,4/19/2018,7.78125,7.84375,7.90625,4/18/2019,7,7.09375,7.1875,4/20/2020,7.21875,7.40625,7.5625,4/21/2021,8.46875,8.5625,8.65625,4/20/2022,14.625,14.65625,14.46875
4/21/2016,6.90625,7.03125,7.125,4/21/2017,7.09375,7.21875,7.3125,4/20/2018,7.65625,7.71875,7.8125,4/22/2019,6.78125,6.90625,7.03125,4/21/2020,7.1875,7.34375,7.5,4/22/2021,8.84375,8.9375,9,4/21/2022,14.46875,14.53125,14.34375
4/22/2016,6.65625,6.75,6.875,4/24/2017,7.03125,7.1875,7.28125,4/23/2018,7.5625,7.65625,7.71875,4/23/2019,6.875,6.96875,7.09375,4/22/2020,7.125,7.3125,7.46875,4/23/2021,8.96875,9.0625,9.125,4/22/2022,14.75,14.78125,14.625
4/25/2016,6.6875,6.8125,6.90625,4/25/2017,7.25,7.375,7.5,4/24/2018,7.59375,7.6875,7.78125,4/24/2019,6.78125,6.90625,7.03125,4/23/2020,7.125,7.3125,7.46875,4/26/2021,9.1875,9.28125,9.34375,4/25/2022,14.96875,15,14.84375
4/26/2016,6.71875,6.84375,6.9375,4/26/2017,7.3125,7.5,7.59375,4/25/2018,7.6875,7.78125,7.875,4/25/2019,6.8125,6.9375,7.0625,4/24/2020,7.03125,7.25,7.40625,4/27/2021,9.15625,9.25,9.34375,4/26/2022,15.21875,15.25,15.09375
4/27/2016,6.71875,6.84375,6.9375,4/27/2017,7.375,7.53125,7.625,4/26/2018,7.71875,7.78125,7.84375,4/26/2019,6.6875,6.875,7,4/27/2020,6.9375,7.125,7.3125,4/28/2021,8.90625,9,9.09375,4/27/2022,15.375,15.3125,15.15625
4/28/2016,6.65625,6.8125,6.90625,4/28/2017,7.375,7.5625,7.65625,4/27/2018,7.78125,7.8125,7.875,4/29/2019,6.59375,6.84375,6.96875,4/28/2020,7,7.1875,7.34375,4/29/2021,9.03125,9.15625,9.21875,4/28/2022,15.25,15.25,15.0625
4/29/2016,6.78125,6.875,6.96875,5/1/2017,7.53125,7.6875,7.75,4/30/2018,7.9375,7.90625,7.96875,4/30/2019,6.5625,6.78125,6.90625,4/29/2020,6.8125,7.03125,7.1875,4/30/2021,9.375,9.375,9.4375,4/29/2022,14.9375,15,14.8125
5/2/2016,6.8125,6.875,6.96875,5/2/2017,7.4375,7.65625,7.6875,5/1/2018,8.0625,8,8.09375,5/1/2019,6.65625,6.875,7,4/30/2020,6.96875,7.1875,7.34375,5/3/2021,9.28125,9.3125,9.34375,5/2/2022,14.96875,15.03125,14.90625
5/3/2016,6.78125,6.8125,6.9375,5/3/2017,7.53125,7.71875,7.78125,5/2/2018,8.125,8.03125,8.125,5/2/2019,6.8125,7,7.125,5/1/2020,7.03125,7.125,7.28125,5/4/2021,9.4375,9.46875,9.5,5/3/2022,14.8125,14.84375,14.75
5/4/2016,6.875,6.96875,7.03125,5/4/2017,7.34375,7.53125,7.59375,5/3/2018,8.09375,8.09375,8.1875,5/3/2019,6.71875,6.90625,7.03125,5/4/2020,7.03125,7.15625,7.3125,5/5/2021,9.5625,9.59375,9.65625,5/4/2022,14.9375,15,14.9375
5/5/2016,6.8125,6.84375,6.9375,5/5/2017,7.40625,7.5625,7.65625,5/4/2018,8.09375,8,8.09375,5/6/2019,6.71875,6.90625,7.03125,5/5/2020,7,7.15625,7.3125,5/6/2021,9.53125,9.59375,9.65625,5/5/2022,15.4375,15.53125,15.46875
5/6/2016,6.84375,6.90625,7,5/8/2017,7.28125,7.46875,7.5625,5/7/2018,7.96875,7.875,7.96875,5/7/2019,6.84375,7.03125,7.125,5/6/2020,7.03125,7.1875,7.34375,5/7/2021,9.5625,9.6875,9.75,5/6/2022,15.53125,15.59375,15.5625
5/9/2016,6.84375,6.875,6.96875,5/9/2017,7.25,7.4375,7.53125,5/8/2018,8.03125,7.9375,8.03125,5/8/2019,6.84375,7,7.125,5/7/2020,6.96875,7.125,7.28125,5/10/2021,9.03125,9.125,9.1875,5/9/2022,15.59375,15.6875,15.65625
5/10/2016,6.84375,6.90625,7,5/10/2017,7.28125,7.4375,7.53125,5/9/2018,7.90625,7.84375,7.9375,5/9/2019,6.875,6.96875,7.09375,5/8/2020,6.96875,7.1875,7.3125,5/11/2021,9.03125,9.3125,9.375,5/10/2022,15.78125,15.8125,15.8125
5/11/2016,6.71875,6.78125,6.875,5/11/2017,7.375,7.5,7.59375,5/10/2018,7.84375,7.78125,7.875,5/10/2019,6.8125,6.9375,7.0625,5/11/2020,7.03125,7.25,7.40625,5/12/2021,9.0625,9.28125,9.34375,5/11/2022,16.25,16.3125,16.25
5/12/2016,6.71875,6.8125,6.90625,5/12/2017,,7.5,7.59375,5/11/2018,7.84375,7.75,7.8125,5/13/2019,6.84375,6.96875,7.09375,5/12/2020,7.125,7.34375,7.46875,5/13/2021,9.0625,9,9.09375,5/12/2022,16.6875,17.15625,17.125
5/13/2016,6.78125,6.9375,7.03125,5/15/2017,7.375,7.46875,7.59375,5/14/2018,7.875,7.71875,7.8125,5/14/2019,6.90625,7.03125,7.15625,5/13/2020,7.0625,7.15625,7.3125,5/14/2021,9.03125,8.96875,9.03125,5/13/2022,17.21875,17.09375,17.03125
5/16/2016,6.9375,7.03125,7.15625,5/16/2017,7.34375,7.4375,7.5625,5/15/2018,7.8125,7.90625,8.03125,5/15/2019,6.9375,7.0625,7.21875,5/14/2020,7.03125,7.125,7.3125,5/17/2021,8.625,8.6875,8.78125,5/16/2022,17.78125,17.71875,17.625
5/17/2016,6.96875,7.03125,7.1875,5/17/2017,7.34375,7.4375,7.5625,5/16/2018,7.8125,7.90625,8.03125,5/16/2019,7.09375,7.21875,7.375,5/15/2020,7.15625,7.3125,7.5,5/18/2021,8.625,8.6875,8.75,5/17/2022,17.84375,17.8125,17.71875
5/18/2016,7,7.09375,7.21875,5/18/2017,7.40625,7.5,7.59375,5/17/2018,7.875,7.9375,8.0625,5/17/2019,7.09375,7.21875,7.375,5/18/2020,7.03125,7.1875,7.375,5/19/2021,8.46875,8.53125,8.625,5/18/2022,17.4375,17.40625,17.375
5/19/2016,6.90625,7,7.15625,5/19/2017,7.5,7.59375,7.6875,5/18/2018,8.09375,8.15625,8.28125,5/20/2019,7.3125,7.40625,7.59375,5/19/2020,7.09375,7.25,7.4375,5/20/2021,8.375,8.46875,8.53125,5/19/2022,17.0625,17.03125,17
5/20/2016,6.90625,7.03125,7.1875,5/22/2017,7.5625,7.625,7.71875,5/21/2018,7.9375,8.03125,8.15625,5/21/2019,7.28125,7.40625,7.5625,5/20/2020,7.25,7.40625,7.5625,5/21/2021,8.4375,8.5,8.5625,5/20/2022,16.40625,16.40625,16.375
5/23/2016,6.875,6.96875,7.125,5/23/2017,7.5,7.5625,7.6875,5/22/2018,8.125,8.1875,8.28125,5/22/2019,7.3125,7.40625,7.5625,5/21/2020,7.21875,7.375,7.5625,5/24/2021,8.25,8.3125,8.40625,5/23/2022,16.5625,16.5625,16.5
5/24/2016,6.84375,6.9375,7.09375,5/24/2017,7.53125,7.59375,7.6875,5/23/2018,8.25,8.3125,8.375,5/23/2019,7.1875,7.3125,7.46875,5/22/2020,7.1875,7.34375,7.53125,5/25/2021,8.25,8.3125,8.40625,5/24/2022,16.375,16.375,16.3125
5/25/2016,6.78125,6.90625,7.0625,5/25/2017,7.59375,7.65625,7.75,5/24/2018,8.1875,8.25,8.3125,5/24/2019,7.375,7.46875,7.59375,5/26/2020,7.125,7.28125,7.46875,5/26/2021,8.25,8.34375,8.40625,5/25/2022,16.40625,16.40625,16.375
5/26/2016,6.9375,7.03125,7.21875,5/26/2017,7.65625,7.71875,7.78125,5/25/2018,8.34375,8.40625,8.5,5/28/2019,7.53125,7.625,7.75,5/27/2020,7.0625,7.21875,7.40625,5/27/2021,8.65625,8.71875,8.78125,5/26/2022,16.5,16.5,16.4375
5/27/2016,6.875,6.96875,7.15625,5/30/2017,7.65625,7.6875,7.75,5/29/2018,8.1875,8.28125,8.40625,5/29/2019,7.40625,7.53125,7.6875,5/28/2020,7.15625,7.3125,7.5,5/28/2021,8.78125,8.84375,8.90625,5/27/2022,16.59375,16.59375,16.5625
5/31/2016,6.8125,6.90625,7.09375,5/31/2017,7.71875,7.78125,7.84375,5/30/2018,7.875,7.96875,8.09375,5/30/2019,7.59375,7.71875,7.875,5/29/2020,7.21875,7.375,7.5625,6/1/2021,9.3125,9.375,9.375,5/31/2022,15.78125,15.78125,15.75
6/1/2016,6.90625,7.03125,7.1875,6/1/2017,7.8125,7.875,7.90625,5/31/2018,7.9375,8.03125,8.15625,5/31/2019,7.46875,7.59375,7.75,6/1/2020,7.0625,7.21875,7.40625,6/2/2021,9.40625,9.46875,9.5,6/1/2022,15.15625,15.15625,15.125
6/2/2016,6.96875,7.09375,7.25,6/2/2017,7.875,7.90625,7.9375,6/1/2018,7.8125,7.9375,8.0625,6/3/2019,7.5625,7.6875,7.84375,6/2/2020,6.96875,7.125,7.3125,6/3/2021,9.40625,9.46875,9.46875,6/2/2022,15.0625,15.09375,15.09375
6/3/2016,6.96875,7.09375,7.25,6/5/2017,7.9375,7.96875,7.96875,6/4/2018,7.65625,7.78125,7.96875,6/4/2019,7.5,7.625,7.8125,6/3/2020,7.03125,7.15625,7.34375,6/4/2021,9.8125,9.84375,9.8125,6/3/2022,15,15.03125,15
6/6/2016,7,7.09375,7.28125,6/6/2017,8.0625,8.0625,8.0625,6/5/2018,7.75,7.84375,8,6/5/2019,7.34375,7.46875,7.65625,6/4/2020,7.09375,7.25,7.4375,6/7/2021,9.46875,9.53125,9.46875,6/6/2022,15.46875,15.46875,15.4375
6/7/2016,6.96875,7.0625,7.25,6/7/2017,8.03125,8.09375,8.09375,6/6/2018,7.75,7.875,8.03125,6/6/2019,7.5625,7.6875,7.84375,6/5/2020,6.96875,7.125,7.3125,6/8/2021,9.34375,9.40625,9.375,6/7/2022,15.375,15.34375,15.3125
6/8/2016,7.0625,7.15625,7.34375,6/8/2017,8.15625,8.21875,8.1875,6/7/2018,7.75,7.875,8.03125,6/7/2019,7.53125,7.65625,7.78125,6/8/2020,7,7.1875,7.375,6/9/2021,9.25,9.3125,9.34375,6/8/2022,15.5,15.5,15.46875
6/9/2016,7.03125,7.15625,7.34375,6/9/2017,8.15625,8.21875,8.1875,6/8/2018,7.65625,7.8125,7.96875,6/10/2019,7.53125,7.65625,7.78125,6/9/2020,7.03125,7.1875,7.40625,6/10/2021,9.375,9.46875,9.46875,6/9/2022,15.53125,15.53125,15.5
6/10/2016,6.875,7,7.1875,6/12/2017,8,8.0625,8.0625,6/11/2018,7.65625,7.8125,7.96875,6/11/2019,7.5625,7.6875,7.8125,6/10/2020,6.96875,7.125,7.3125,6/11/2021,9.28125,9.375,9.40625,6/10/2022,15.625,15.59375,15.59375
6/13/2016,6.9375,7.0625,7.25,6/13/2017,8.3125,8.40625,8.3125,6/12/2018,7.71875,7.875,8.03125,6/12/2019,7.53125,7.65625,7.78125,6/11/2020,7,7.15625,7.375,6/14/2021,9.0625,9.15625,9.1875,6/13/2022,15.75,15.75,15.75
6/14/2016,6.84375,7,7.1875,6/14/2017,8.3125,8.40625,8.34375,6/13/2018,7.59375,7.75,7.9375,6/13/2019,7.53125,7.65625,7.78125,6/12/2020,6.96875,7.125,7.3125,6/15/2021,9.09375,9.1875,9.21875,6/14/2022,15.65625,15.65625,15.6875
6/15/2016,6.84375,6.96875,7.15625,6/15/2017,8.40625,8.5,8.4375,6/14/2018,7.5625,7.71875,7.90625,6/14/2019,7.5625,7.65625,7.78125,6/15/2020,7,7.15625,7.3125,6/16/2021,9.34375,9.40625,9.40625,6/15/2022,15.46875,15.5,15.53125
6/16/2016,6.875,7,7.15625,6/16/2017,8.5,8.53125,8.5,6/15/2018,7.53125,7.65625,7.84375,6/17/2019,7.5,7.59375,7.75,6/16/2020,6.96875,7.125,7.28125,6/17/2021,9.28125,9.34375,9.34375,6/16/2022,15.65625,15.65625,15.71875
6/17/2016,6.96875,7.0625,7.25,6/19/2017,8.4375,8.5,8.5,6/18/2018,7.4375,7.5625,7.71875,6/18/2019,7.375,7.46875,7.65625,6/17/2020,7.0625,7.1875,7.34375,6/18/2021,9.5,9.5625,9.53125,6/17/2022,15.21875,15.25,15.3125
6/20/2016,6.84375,6.96875,7.125,6/20/2017,8.71875,8.75,8.71875,6/19/2018,7.3125,7.4375,7.625,6/19/2019,7.1875,7.28125,7.4375,6/18/2020,7.125,7.28125,7.4375,6/21/2021,9.4375,9.5,9.4375,6/21/2022,14.4375,14.4375,14.5625
6/21/2016,6.71875,6.84375,7.03125,6/21/2017,8.65625,8.6875,8.6875,6/20/2018,7.34375,7.5,7.6875,6/20/2019,7.09375,7.1875,7.34375,6/19/2020,7.125,7.28125,7.4375,6/22/2021,9.625,9.625,9.5625,6/22/2022,14.3125,14.3125,14.40625
6/22/2016,6.75,6.875,7.0625,6/22/2017,8.6875,8.75,8.75,6/21/2018,7.34375,7.53125,7.71875,6/21/2019,7.09375,7.1875,7.375,6/22/2020,7,7.15625,7.3125,6/23/2021,9.90625,9.875,9.8125,6/23/2022,14.03125,14.03125,14.125
6/23/2016,6.65625,6.78125,6.96875,6/23/2017,8.78125,8.84375,8.8125,6/22/2018,7.28125,7.4375,7.65625,6/24/2019,7.15625,7.28125,7.46875,6/23/2020,6.96875,7.09375,7.25,6/24/2021,9.96875,9.9375,9.84375,6/24/2022,13.8125,13.8125,13.875
6/24/2016,6.71875,6.84375,7.03125,6/26/2017,8.78125,8.84375,8.8125,6/25/2018,7.15625,7.3125,7.53125,6/25/2019,7.21875,7.34375,7.5,6/24/2020,7.03125,7.15625,7.3125,6/25/2021,10.125,9.9375,9.8125,6/27/2022,13.40625,13.4375,13.53125
6/27/2016,6.625,6.71875,6.9375,6/27/2017,9,9.0625,8.96875,6/26/2018,7.09375,7.25,7.46875,6/26/2019,7.21875,7.34375,7.53125,6/25/2020,6.96875,7.0625,7.25,6/28/2021,10.40625,10.28125,10.09375,6/28/2022,13.3125,13.40625,13.5
6/28/2016,6.53125,6.6875,6.875,6/28/2017,9.1875,9.21875,9.125,6/27/2018,7.03125,7.21875,7.4375,6/27/2019,7.21875,7.34375,7.53125,6/26/2020,6.8125,6.96875,7.15625,6/29/2021,10.15625,10.09375,10,6/29/2022,13.15625,13.25,13.40625
6/29/2016,6.375,6.53125,6.75,6/29/2017,9.625,9.625,9.5,6/28/2018,6.90625,7.125,7.34375,6/28/2019,7.25,7.25,7.4375,6/29/2020,6.78125,6.96875,7.15625,6/30/2021,10.78125,10.53125,10.40625,6/30/2022,12.71875,12.75,12.90625
6/30/2016,6.40625,6.5625,6.78125,6/30/2017,9.9375,10,9.84375,6/29/2018,6.84375,7.0625,7.28125,7/1/2019,7.125,7.15625,7.34375,6/30/2020,6.90625,7.0625,7.25,7/1/2021,10.6875,10.40625,10.3125,7/1/2022,12.125,12.21875,12.40625
7/1/2016,6.3125,6.46875,6.65625,7/3/2017,10.5625,10.625,10.375,7/2/2018,6.75,6.9375,7.1875,7/2/2019,6.9375,7.03125,7.21875,7/1/2020,6.90625,7.03125,7.21875,7/2/2021,10.625,10.34375,10.25,7/5/2022,11.78125,11.59375,11.8125
7/5/2016,6.53125,6.59375,6.78125,7/5/2017,10.5,10.625,10.40625,7/3/2018,6.8125,7.03125,7.25,7/3/2019,7.0625,7.0625,7.25,7/2/2020,6.71875,6.90625,7.09375,7/6/2021,10.0625,9.875,9.84375,7/6/2022,11.46875,11.5625,11.75
7/6/2016,6.4375,6.5,6.71875,7/6/2017,9.90625,9.96875,9.875,7/5/2018,7,7.1875,7.40625,7/5/2019,7,6.96875,7.15625,7/6/2020,6.75,6.9375,7.125,7/7/2021,10.09375,10.09375,9.96875,7/7/2022,11.84375,12.125,12.28125
7/7/2016,6.3125,6.4375,6.65625,7/7/2017,9.75,9.875,9.78125,7/6/2018,7.125,7.3125,7.53125,7/8/2019,6.96875,6.96875,7.15625,7/7/2020,6.8125,6.96875,7.15625,7/8/2021,10.1875,10.09375,10,7/8/2022,12.53125,12.84375,13
7/8/2016,6.5,6.53125,6.71875,7/10/2017,10.15625,10.28125,10.1875,7/9/2018,7.0625,7.1875,7.40625,7/9/2019,6.90625,6.90625,7.09375,7/8/2020,6.90625,7.0625,7.25,7/9/2021,10.125,10.125,10.0625,7/11/2022,12.25,12.53125,12.6875
7/11/2016,6.40625,6.5625,6.75,7/11/2017,10.28125,10.28125,10.21875,7/10/2018,6.9375,7.03125,7.28125,7/10/2019,6.84375,6.90625,7.09375,7/9/2020,7,7.15625,7.3125,7/12/2021,10.71875,10.6875,10.5,7/12/2022,11.625,11.96875,12.125
7/12/2016,6.375,6.5625,6.75,7/12/2017,9.96875,9.96875,9.96875,7/11/2018,6.875,6.9375,7.1875,7/11/2019,7,7.0625,7.25,7/10/2020,7.03125,7.15625,7.3125,7/13/2021,10.84375,10.78125,10.59375,7/13/2022,11.53125,11.84375,12.03125
7/13/2016,6.34375,6.53125,6.71875,7/13/2017,9.5,9.53125,9.59375,7/12/2018,6.875,6.96875,7.21875,7/12/2019,7,7.0625,7.25,7/13/2020,6.9375,7.0625,7.25,7/14/2021,11.03125,10.90625,10.75,7/14/2022,11.625,11.9375,12.09375
7/14/2016,6.28125,6.4375,6.625,7/14/2017,9.5625,9.59375,9.625,7/13/2018,6.90625,7,7.21875,7/15/2019,6.9375,7.125,7.3125,7/14/2020,6.9375,7.0625,7.25,7/15/2021,11.25,11.09375,10.9375,7/15/2022,11.8125,11.96875,12.15625
7/15/2016,6.4375,6.625,6.84375,7/17/2017,9.75,9.78125,9.6875,7/16/2018,6.9375,7.15625,7.375,7/16/2019,6.9375,7.125,7.3125,7/15/2020,7.125,7.3125,7.46875,7/16/2021,11.5625,11.40625,11.25,7/18/2022,12.1875,12.34375,12.5
7/18/2016,6.4375,6.65625,6.84375,7/18/2017,9.84375,9.875,9.8125,7/17/2018,7.03125,7.28125,7.5,7/17/2019,6.875,7.0625,7.25,7/16/2020,7,7.1875,7.375,7/19/2021,11.78125,11.625,11.46875,7/19/2022,11.96875,12.125,12.28125
7/19/2016,6.34375,6.5625,6.78125,7/19/2017,9.78125,9.8125,9.75,7/18/2018,6.96875,7.1875,7.40625,7/18/2019,6.84375,7,7.1875,7/17/2020,6.96875,7.15625,7.34375,7/20/2021,11.625,11.46875,11.3125,7/20/2022,11.90625,12.0625,12.21875
7/20/2016,6.34375,6.53125,6.75,7/20/2017,9.78125,9.84375,9.8125,7/19/2018,7.125,7.375,7.59375,7/19/2019,6.90625,7.09375,7.28125,7/20/2020,6.84375,7.0625,7.25,7/21/2021,11.28125,11.125,11,7/21/2022,11.75,11.875,12.03125
7/21/2016,6.375,6.5625,6.78125,7/21/2017,9.59375,9.6875,9.65625,7/20/2018,7.28125,7.5,7.71875,7/22/2019,6.84375,7.03125,7.21875,7/21/2020,6.875,7.0625,7.25,7/22/2021,11.34375,11.21875,11.03125,7/22/2022,11.25,11.4375,11.59375
7/22/2016,6.5,6.71875,6.90625,7/24/2017,9.375,9.5,9.46875,7/23/2018,7.40625,7.625,7.84375,7/23/2019,6.84375,7.03125,7.21875,7/22/2020,6.90625,7.09375,7.28125,7/23/2021,11.09375,10.9375,10.78125,7/25/2022,11.34375,11.53125,11.65625
7/25/2016,6.5625,6.78125,7,7/25/2017,8.96875,9.09375,9.09375,7/24/2018,7.28125,7.53125,7.75,7/24/2019,6.875,7.03125,7.21875,7/23/2020,6.84375,7.03125,7.21875,7/26/2021,11.03125,10.875,10.71875,7/26/2022,11.96875,12.09375,12.21875
7/26/2016,6.40625,6.625,6.84375,7/26/2017,9.09375,9.21875,9.21875,7/25/2018,7.65625,7.875,8.0625,7/25/2019,6.875,7.0625,7.25,7/24/2020,6.90625,7.09375,7.28125,7/27/2021,11.0625,10.9375,10.78125,7/27/2022,11.65625,11.8125,11.96875
7/27/2016,6.4375,6.65625,6.84375,7/27/2017,9.25,9.375,9.34375,7/26/2018,7.6875,7.875,8.0625,7/26/2019,6.90625,7.0625,7.25,7/27/2020,6.78125,6.96875,7.15625,7/28/2021,11.3125,11.15625,10.96875,7/28/2022,11.875,12.03125,12.15625
7/28/2016,6.40625,6.59375,6.8125,7/28/2017,9.21875,9.34375,9.28125,7/27/2018,7.71875,7.90625,8.09375,7/29/2019,7,7.15625,7.3125,7/28/2020,6.78125,6.9375,7.15625,7/29/2021,11.4375,11.25,11.03125,7/29/2022,11.59375,11.75,11.90625
7/29/2016,6.375,6.5625,6.75,7/31/2017,9.125,9.28125,9.25,7/30/2018,7.84375,8.03125,8.1875,7/30/2019,6.9375,7.09375,7.28125,7/29/2020,6.8125,7,7.1875,7/30/2021,11.28125,11.125,10.9375,8/1/2022,11.53125,11.6875,11.84375
8/1/2016,6.375,6.5625,6.75,8/1/2017,9,9.15625,9.15625,7/31/2018,7.875,8.09375,8.28125,7/31/2019,6.84375,7.03125,7.21875,7/30/2020,6.875,7.0625,7.25,8/2/2021,11.53125,11.40625,11.21875,8/2/2022,11.25,11.40625,11.59375
8/2/2016,6.375,6.5625,6.75,8/2/2017,9.0625,9.25,9.21875,8/1/2018,7.90625,8.125,8.34375,8/1/2019,6.84375,7.03125,7.21875,7/31/2020,6.90625,7.09375,7.25,8/3/2021,11.53125,11.375,11.1875,8/3/2022,11.25,11.40625,11.59375
8/3/2016,6.4375,6.59375,6.78125,8/3/2017,8.96875,9.125,9.15625,8/2/2018,7.9375,8.1875,8.34375,8/2/2019,6.90625,7.0625,7.25,8/3/2020,6.78125,6.96875,7.15625,8/4/2021,11.3125,11.1875,11,8/4/2022,11.5,11.6875,11.875
8/4/2016,6.375,6.53125,6.6875,8/4/2017,9.0625,9.21875,9.25,8/3/2018,7.96875,8.1875,8.375,8/5/2019,6.9375,7.09375,7.25,8/4/2020,6.6875,6.875,7.0625,8/5/2021,11.3125,11.15625,11,8/5/2022,11.46875,11.65625,11.8125
8/5/2016,6.53125,6.65625,6.8125,8/7/2017,9.21875,9.375,9.375,8/6/2018,8.15625,8.40625,8.5625,8/6/2019,6.9375,7.0625,7.25,8/5/2020,6.65625,6.84375,7.03125,8/6/2021,11.5,11.34375,11.1875,8/8/2022,11.3125,11.5,11.65625
8/8/2016,6.5625,6.6875,6.84375,8/8/2017,9.25,9.40625,9.375,8/7/2018,8.1875,8.40625,8.5625,8/7/2019,6.9375,7.0625,7.25,8/6/2020,6.59375,6.78125,7,8/9/2021,11.4375,11.25,11.125,8/9/2022,11.5,11.6875,11.84375
8/9/2016,6.53125,6.65625,6.84375,8/9/2017,9.3125,9.46875,9.4375,8/8/2018,8.25,8.4375,8.59375,8/8/2019,6.875,7.03125,7.21875,8/7/2020,6.625,6.84375,7.03125,8/10/2021,11.46875,11.28125,11.15625,8/10/2022,11.5625,11.75,11.90625
8/10/2016,6.53125,6.625,6.8125,8/10/2017,8.96875,9.125,9.125,8/9/2018,8.21875,8.4375,8.59375,8/9/2019,6.875,7.03125,7.1875,8/10/2020,6.5625,6.78125,6.96875,8/11/2021,11.40625,11.25,11.125,8/11/2022,11.75,11.9375,12.09375
8/11/2016,6.53125,6.625,6.78125,8/11/2017,8.5625,8.71875,8.75,8/10/2018,8,8.21875,8.40625,8/12/2019,6.75,6.90625,7.09375,8/11/2020,6.5625,6.78125,6.96875,8/12/2021,11.6875,11.5,11.375,8/12/2022,11.75,11.90625,12.0625
8/12/2016,6.65625,6.6875,6.84375,8/14/2017,8.53125,8.6875,8.71875,8/13/2018,7.78125,8,8.21875,8/13/2019,6.65625,6.84375,7.03125,8/12/2020,6.53125,6.71875,6.90625,8/13/2021,11.8125,11.625,11.46875,8/15/2022,11.75,11.90625,12.0625
8/15/2016,6.65625,6.6875,6.84375,8/15/2017,8.40625,8.5625,8.5625,8/14/2018,7.78125,8,8.21875,8/14/2019,6.71875,6.90625,7.09375,8/13/2020,6.5625,6.75,6.90625,8/16/2021,11.84375,11.65625,11.53125,8/16/2022,11.59375,11.71875,11.875
8/16/2016,6.65625,6.65625,6.78125,8/16/2017,8.5,8.625,8.625,8/15/2018,7.65625,7.90625,8.09375,8/15/2019,6.6875,6.84375,7.0625,8/14/2020,6.59375,6.78125,6.96875,8/17/2021,11.625,11.46875,11.34375,8/17/2022,11.40625,11.53125,11.6875
8/17/2016,6.71875,6.71875,6.84375,8/17/2017,8.5,8.6875,8.6875,8/16/2018,7.84375,8.0625,8.25,8/16/2019,6.71875,6.875,7.0625,8/17/2020,6.6875,6.875,7.03125,8/18/2021,11.6875,11.53125,11.40625,8/18/2022,11.03125,11.1875,11.375
8/18/2016,6.75,6.71875,6.84375,8/18/2017,8.40625,8.59375,8.59375,8/17/2018,7.9375,8.15625,8.375,8/19/2019,6.75,6.875,7.09375,8/18/2020,6.6875,6.875,7.03125,8/19/2021,11.75,11.59375,11.46875,8/19/2022,11.375,11.53125,11.6875
8/19/2016,6.84375,6.78125,6.90625,8/21/2017,8.21875,8.40625,8.40625,8/20/2018,7.75,7.96875,8.1875,8/20/2019,6.71875,6.875,7.0625,8/19/2020,6.75,6.90625,7.0625,8/20/2021,11.78125,11.5625,11.40625,8/22/2022,11.59375,11.75,11.90625
8/22/2016,6.875,6.78125,6.90625,8/22/2017,8.0625,8.25,8.28125,8/21/2018,7.6875,7.90625,8.09375,8/21/2019,6.6875,6.84375,7.03125,8/20/2020,6.78125,6.96875,7.09375,8/23/2021,11.6875,11.46875,11.28125,8/23/2022,11.65625,11.8125,11.96875
8/23/2016,6.65625,6.65625,6.78125,8/23/2017,8.03125,8.25,8.3125,8/22/2018,7.625,7.84375,8.03125,8/22/2019,6.625,6.84375,7,8/21/2020,6.78125,6.96875,7.125,8/24/2021,11.71875,11.46875,11.28125,8/24/2022,11.78125,11.9375,12.09375
8/24/2016,6.5,6.5625,6.71875,8/24/2017,8.15625,8.375,8.4375,8/23/2018,7.59375,7.84375,8.03125,8/23/2019,6.625,6.84375,7,8/24/2020,6.6875,6.875,7.03125,8/25/2021,11.65625,11.4375,11.28125,8/25/2022,11.40625,11.5625,11.75
8/25/2016,6.4375,6.53125,6.65625,8/25/2017,8.125,8.34375,8.4375,8/24/2018,7.46875,7.6875,7.90625,8/26/2019,6.53125,6.78125,6.96875,8/25/2020,6.8125,6.96875,7.125,8/26/2021,11.78125,11.5625,11.40625,8/26/2022,11.65625,11.84375,12.03125
8/26/2016,6.40625,6.40625,6.5625,8/28/2017,8.0625,8.3125,8.375,8/27/2018,7.21875,7.5,7.71875,8/27/2019,6.5625,6.78125,6.96875,8/26/2020,6.78125,7,7.15625,8/27/2021,11.8125,11.59375,11.40625,8/29/2022,11.9375,12.15625,12.3125
8/29/2016,6.34375,6.3125,6.46875,8/29/2017,7.96875,8.25,8.34375,8/28/2018,7.15625,7.46875,7.65625,8/28/2019,6.5,6.71875,6.90625,8/27/2020,6.875,7.09375,7.25,8/30/2021,11.59375,11.46875,11.3125,8/30/2022,11.84375,12.0625,12.21875
8/30/2016,6.4375,6.375,6.5,8/30/2017,8,8.28125,8.375,8/29/2018,7.34375,7.625,7.84375,8/29/2019,6.375,6.65625,6.84375,8/28/2020,6.78125,7.0625,7.21875,8/31/2021,11.40625,11.40625,11.25,8/31/2022,12.03125,12.1875,12.34375
8/31/2016,6.375,6.3125,6.4375,8/31/2017,7.71875,8,8.125,8/30/2018,7.3125,7.5625,7.78125,8/30/2019,6.34375,6.625,6.78125,8/31/2020,6.75,7.03125,7.1875,9/1/2021,11.34375,11.34375,11.1875,9/1/2022,11.5,11.65625,11.84375
9/1/2016,6.4375,6.375,6.5,9/1/2017,7.59375,7.84375,7.96875,8/31/2018,7.625,7.8125,8,9/3/2019,6.21875,6.5,6.6875,9/1/2020,6.875,7.125,7.28125,9/2/2021,11.375,11.28125,11.125,9/2/2022,11.46875,11.6875,11.84375
9/2/2016,6.4375,6.375,6.53125,9/5/2017,7.53125,7.78125,7.90625,9/4/2018,7.5625,7.71875,7.90625,9/4/2019,6.3125,6.53125,6.71875,9/2/2020,6.84375,7.125,7.3125,9/3/2021,11.46875,11.4375,11.28125,9/6/2022,11.46875,11.6875,11.875
9/6/2016,6.28125,6.25,6.375,9/6/2017,7.6875,7.875,8,9/5/2018,7.4375,7.65625,7.84375,9/5/2019,6.40625,6.625,6.8125,9/3/2020,6.9375,7.1875,7.34375,9/7/2021,11.5,11.5,11.34375,9/7/2022,11.59375,11.8125,11.96875
9/7/2016,6.34375,6.28125,6.4375,9/7/2017,7.65625,7.875,7.96875,9/6/2018,7.3125,7.5,7.71875,9/6/2019,6.25,6.5,6.71875,9/4/2020,6.84375,7.09375,7.25,9/8/2021,11.375,11.34375,11.1875,9/8/2022,11.5,11.75,11.90625
9/8/2016,6.40625,6.375,6.5,9/8/2017,7.65625,7.84375,7.96875,9/7/2018,7.3125,7.5,7.71875,9/9/2019,6.28125,6.53125,6.75,9/8/2020,6.84375,7.09375,7.28125,9/9/2021,11.09375,11.0625,10.9375,9/9/2022,11.84375,12.09375,12.25
9/9/2016,6.5,6.4375,6.59375,9/11/2017,7.59375,7.78125,7.90625,9/10/2018,7.375,7.625,7.8125,9/10/2019,6.40625,6.625,6.8125,9/9/2020,6.75,7.03125,7.21875,9/10/2021,11.21875,11.15625,11.03125,9/12/2022,11.875,12.03125,12.1875
9/12/2016,6.5,6.5,6.65625,9/12/2017,7.625,7.8125,7.96875,9/11/2018,7.375,7.53125,7.6875,9/11/2019,6.40625,6.625,6.8125,9/10/2020,6.8125,7.0625,7.25,9/13/2021,11.15625,11.09375,10.96875,9/13/2022,12.09375,12.25,12.40625
9/13/2016,6.46875,6.5,6.625,9/13/2017,7.625,7.84375,7.96875,9/12/2018,7.15625,7.34375,7.5625,9/12/2019,6.53125,6.6875,6.90625,9/11/2020,6.75,7,7.1875,9/14/2021,11.34375,11.25,11.125,9/14/2022,12.1875,12.34375,12.4375
9/14/2016,6.5,6.5,6.65625,9/14/2017,7.53125,7.6875,7.84375,9/13/2018,7.15625,7.3125,7.5,9/13/2019,6.5625,6.71875,6.90625,9/14/2020,6.75,7,7.15625,9/15/2021,11.4375,11.28125,11.15625,9/15/2022,12.28125,12.375,12.4375
9/15/2016,6.46875,6.59375,6.71875,9/15/2017,7.5625,7.75,7.8125,9/14/2018,7.25,7.46875,7.65625,9/16/2019,6.75,6.9375,7.09375,9/15/2020,6.90625,7.09375,7.21875,9/16/2021,11.5,11.34375,11.1875,9/16/2022,12.4375,12.53125,12.625
9/16/2016,6.5,6.625,6.75,9/18/2017,7.65625,7.8125,7.875,9/17/2018,7.5,7.6875,7.8125,9/17/2019,6.71875,6.90625,7.0625,9/16/2020,7,7.15625,7.28125,9/17/2021,11.5,11.34375,11.1875,9/19/2022,12.15625,12.28125,12.34375
9/19/2016,6.5,6.625,6.75,9/19/2017,7.59375,7.75,7.8125,9/18/2018,7.53125,7.71875,7.8125,9/18/2019,6.8125,7,7.15625,9/17/2020,7.125,7.28125,7.40625,9/20/2021,11.46875,11.3125,11.15625,9/20/2022,12.8125,12.84375,12.875
9/20/2016,6.46875,6.625,6.71875,9/20/2017,7.65625,7.8125,7.875,9/19/2018,7.59375,7.75,7.84375,9/19/2019,6.90625,7.0625,7.21875,9/18/2020,7.28125,7.4375,7.53125,9/21/2021,11.375,11.25,11.09375,9/21/2022,12.96875,13.03125,13.09375
9/21/2016,6.46875,6.59375,6.71875,9/21/2017,7.6875,7.84375,7.90625,9/20/2018,7.59375,7.78125,7.875,9/20/2019,6.9375,7.125,7.28125,9/21/2020,7.125,7.28125,7.375,9/22/2021,11.53125,11.375,11.21875,9/22/2022,13.1875,13.25,13.28125
9/22/2016,6.53125,6.65625,6.75,9/22/2017,7.84375,7.96875,8,9/21/2018,7.53125,7.71875,7.8125,9/23/2019,7.125,7.28125,7.40625,9/22/2020,7.1875,7.34375,7.4375,9/23/2021,11.53125,11.375,11.21875,9/23/2022,12.90625,12.96875,13.03125
9/23/2016,6.625,6.71875,6.8125,9/25/2017,8.03125,8.1875,8.21875,9/24/2018,7.5625,7.75,7.875,9/24/2019,7.21875,7.375,7.5,9/23/2020,7.125,7.3125,7.4375,9/24/2021,11.59375,11.40625,11.25,9/26/2022,12.78125,12.875,12.9375
9/26/2016,6.53125,6.625,6.75,9/26/2017,7.96875,8.125,8.15625,9/25/2018,7.53125,7.71875,7.8125,9/25/2019,7.34375,7.5,7.625,9/24/2020,7.15625,7.3125,7.4375,9/27/2021,11.625,11.46875,11.28125,9/27/2022,12.9375,13,13.0625
9/27/2016,6.625,6.75,6.84375,9/27/2017,8.09375,8.25,8.3125,9/26/2018,7.53125,7.71875,7.8125,9/26/2019,7.28125,7.46875,7.59375,9/25/2020,7.09375,7.25,7.375,9/28/2021,11.5,11.34375,11.1875,9/28/2022,13.21875,13.28125,13.3125
9/28/2016,6.65625,6.75,6.84375,9/28/2017,8,8.15625,8.1875,9/27/2018,7.5625,7.75,7.84375,9/27/2019,7.25,7.4375,7.53125,9/28/2020,7.09375,7.25,7.375,9/29/2021,11.53125,11.34375,11.1875,9/29/2022,13.21875,13.28125,13.3125
9/29/2016,6.6875,6.8125,6.90625,9/29/2017,7.78125,7.9375,8.03125,9/28/2018,7.375,7.5625,7.6875,9/30/2019,7.21875,7.375,7.53125,9/29/2020,7.03125,7.1875,7.3125,9/30/2021,11.5625,11.40625,11.25,9/30/2022,13.5625,13.625,13.625
9/30/2016,6.75,6.84375,6.9375,10/2/2017,7.65625,7.8125,7.90625,10/1/2018,7.40625,7.5625,7.6875,10/1/2019,7.03125,7.21875,7.375,9/30/2020,7.1875,7.375,7.46875,10/1/2021,11.75,11.59375,11.4375,10/3/2022,13.34375,13.4375,13.46875
10/3/2016,6.78125,6.84375,6.9375,10/3/2017,7.65625,7.8125,7.90625,10/2/2018,7.59375,7.75,7.84375,10/2/2019,7.0625,7.25,7.375,10/1/2020,7.09375,7.25,7.40625,10/4/2021,11.71875,11.59375,11.4375,10/4/2022,13.1875,13.28125,13.34375
10/4/2016,6.875,6.90625,6.96875,10/4/2017,7.59375,7.78125,7.84375,10/3/2018,7.59375,7.75,7.84375,10/3/2019,7.0625,7.25,7.375,10/2/2020,7.0625,7.25,7.375,10/5/2021,11.65625,11.53125,11.375,10/5/2022,13.375,13.46875,13.5
10/5/2016,6.90625,6.9375,7.03125,10/5/2017,7.71875,7.90625,7.96875,10/4/2018,7.625,7.78125,7.875,10/4/2019,7.125,7.3125,7.4375,10/5/2020,7.09375,7.28125,7.40625,10/6/2021,11.8125,11.6875,11.5,10/6/2022,13.21875,13.34375,13.375
10/6/2016,6.9375,6.96875,7.03125,10/6/2017,7.8125,7.96875,8.0625,10/5/2018,7.65625,7.8125,7.90625,10/7/2019,7.15625,7.34375,7.46875,10/6/2020,7.15625,7.34375,7.4375,10/7/2021,11.8125,11.6875,11.5,10/7/2022,13.3125,13.40625,13.46875
10/7/2016,6.9375,6.96875,7.0625,10/9/2017,7.8125,8,8.0625,10/8/2018,7.625,7.78125,7.90625,10/8/2019,7.25,7.40625,7.53125,10/7/2020,7.28125,7.4375,7.5625,10/8/2021,11.8125,11.65625,11.46875,10/10/2022,13.96875,14.03125,14.0625
10/10/2016,6.875,6.9375,7,10/10/2017,7.71875,7.90625,8,10/9/2018,7.6875,7.84375,7.9375,10/9/2019,7.21875,7.40625,7.53125,10/8/2020,7.15625,7.34375,7.4375,10/11/2021,11.8125,11.65625,11.5,10/11/2022,13.59375,13.65625,13.71875
10/11/2016,6.9375,6.96875,7.0625,10/11/2017,7.71875,7.875,7.96875,10/10/2018,7.71875,7.875,7.96875,10/10/2019,7.125,7.28125,7.40625,10/9/2020,7.125,7.3125,7.4375,10/12/2021,11.90625,11.75,11.59375,10/12/2022,13.34375,13.46875,13.53125
10/12/2016,6.9375,6.9375,7,10/12/2017,7.625,7.78125,7.875,10/11/2018,7.6875,7.8125,7.875,10/11/2019,7.21875,7.40625,7.53125,10/12/2020,7.125,7.28125,7.40625,10/13/2021,11.8125,11.65625,11.5,10/13/2022,13.46875,13.5625,13.625
10/13/2016,7.03125,7,7.0625,10/13/2017,7.65625,7.84375,7.9375,10/12/2018,7.75,7.84375,7.90625,10/14/2019,7.3125,7.5,7.625,10/13/2020,7.15625,7.3125,7.4375,10/14/2021,11.875,11.71875,11.53125,10/14/2022,13.25,13.375,13.4375
10/14/2016,6.9375,7,7.0625,10/16/2017,7.625,7.8125,7.90625,10/15/2018,7.8125,7.90625,7.96875,10/15/2019,7.1875,7.375,7.5,10/14/2020,7.1875,7.34375,7.46875,10/15/2021,11.96875,11.84375,11.625,10/17/2022,13.09375,13.1875,13.28125
10/17/2016,6.9375,7,7.09375,10/17/2017,7.65625,7.8125,7.9375,10/16/2018,7.71875,7.8125,7.90625,10/16/2019,7.28125,7.4375,7.5625,10/15/2020,7.375,7.5625,7.65625,10/18/2021,11.96875,11.8125,11.59375,10/18/2022,13.125,13.21875,13.3125
10/18/2016,6.90625,6.96875,7.0625,10/18/2017,7.59375,7.78125,7.875,10/17/2018,7.65625,7.78125,7.875,10/17/2019,7.25,7.4375,7.53125,10/16/2020,7.375,7.53125,7.625,10/19/2021,12.03125,11.875,11.65625,10/19/2022,13.125,13.1875,13.28125
10/19/2016,6.96875,7,7.0625,10/19/2017,7.6875,7.84375,7.9375,10/18/2018,7.65625,7.78125,7.875,10/18/2019,7.15625,7.3125,7.4375,10/19/2020,7.5,7.65625,7.71875,10/20/2021,12.1875,12,11.75,10/20/2022,13.25,13.34375,13.40625
10/20/2016,7.03125,7.0625,7.15625,10/20/2017,7.71875,7.875,7.96875,10/19/2018,7.71875,7.84375,7.90625,10/21/2019,7.03125,7.21875,7.3125,10/20/2020,7.59375,7.71875,7.78125,10/21/2021,12.1875,11.96875,11.6875,10/21/2022,13.125,13.1875,13.28125
10/21/2016,7.0625,7.09375,7.1875,10/23/2017,7.78125,7.9375,8.03125,10/22/2018,7.65625,7.78125,7.875,10/22/2019,7.0625,7.25,7.34375,10/21/2020,7.65625,7.78125,7.84375,10/22/2021,12.53125,12.21875,11.90625,10/24/2022,13.125,13.21875,13.3125
10/24/2016,6.96875,7.03125,7.125,10/24/2017,7.84375,8,8.09375,10/23/2018,7.65625,7.75,7.84375,10/23/2019,7.09375,7.28125,7.40625,10/22/2020,7.53125,7.65625,7.71875,10/25/2021,12.71875,12.40625,12.09375,10/25/2022,12.96875,13.0625,13.15625
10/25/2016,7,7.0625,7.15625,10/25/2017,7.9375,8.09375,8.1875,10/24/2018,7.5625,7.65625,7.75,10/24/2019,7.0625,7.25,7.34375,10/23/2020,7.5625,7.6875,7.75,10/26/2021,12.65625,12.40625,12.0625,10/26/2022,12.90625,13,13.09375
10/26/2016,7.03125,7.09375,7.21875,10/26/2017,7.96875,8.125,8.21875,10/25/2018,7.4375,7.5625,7.65625,10/25/2019,7,7.1875,7.3125,10/26/2020,7.46875,7.59375,7.65625,10/27/2021,12.625,12.4375,12.125,10/27/2022,12.90625,13,13.0625
10/27/2016,7.03125,7.125,7.21875,10/27/2017,7.90625,8.0625,8.125,10/26/2018,7.5625,7.6875,7.78125,10/28/2019,6.875,7.09375,7.21875,10/27/2020,7.40625,7.5625,7.65625,10/28/2021,12.8125,12.5625,12.21875,10/28/2022,12.84375,12.96875,13.03125
10/28/2016,7.03125,7.125,7.1875,10/30/2017,7.9375,8.09375,8.1875,10/29/2018,7.59375,7.6875,7.8125,10/29/2019,6.875,7.09375,7.21875,10/28/2020,7.34375,7.53125,7.625,10/29/2021,13.03125,12.78125,12.40625,10/31/2022,13.375,13.46875,13.5625
10/31/2016,7.0625,7.15625,7.25,10/31/2017,7.90625,8.0625,8.1875,10/30/2018,7.5,7.625,7.75,10/30/2019,6.875,7.09375,7.21875,10/29/2020,7.34375,7.53125,7.59375,11/1/2021,13.3125,13.0625,12.6875,11/1/2022,13.5,13.625,13.6875
11/1/2016,6.96875,7.03125,7.125,11/1/2017,7.90625,8.0625,8.1875,10/31/2018,7.5,7.625,7.71875,10/31/2019,6.90625,7.125,7.25,10/30/2020,7.34375,7.53125,7.59375,11/2/2021,13.34375,13.09375,12.75,11/2/2022,13,13.15625,13.25
11/2/2016,6.9375,7.03125,7.125,11/2/2017,7.96875,8.15625,8.25,11/1/2018,7.5625,7.65625,7.78125,11/1/2019,6.96875,7.1875,7.34375,11/2/2020,7.34375,7.53125,7.59375,11/3/2021,12.9375,12.71875,12.40625,11/3/2022,12.96875,13.125,13.21875
11/3/2016,6.8125,6.9375,7.03125,11/3/2017,7.96875,8.15625,8.25,11/2/2018,7.59375,7.71875,7.8125,11/4/2019,6.90625,7.125,7.25,11/3/2020,7.25,7.40625,7.5,11/4/2021,12.65625,12.46875,12.1875,11/4/2022,12.875,13.03125,13.125
11/4/2016,6.84375,6.9375,7.0625,11/6/2017,8,8.1875,8.28125,11/5/2018,7.625,7.71875,7.8125,11/5/2019,6.90625,7.125,7.28125,11/4/2020,7.3125,7.5,7.59375,11/5/2021,12.5625,12.40625,12.15625,11/7/2022,12.96875,13.125,13.21875
11/7/2016,6.78125,6.875,6.96875,11/7/2017,8.09375,8.25,8.34375,11/6/2018,7.71875,7.78125,7.875,11/6/2019,6.90625,7.09375,7.25,11/5/2020,7.3125,7.5,7.59375,11/8/2021,12.5625,12.40625,12.15625,11/8/2022,12.75,12.9375,13.03125
11/8/2016,6.84375,6.9375,7.03125,11/8/2017,8.1875,8.3125,8.40625,11/7/2018,7.625,7.6875,7.78125,11/7/2019,6.84375,7.0625,7.1875,11/6/2020,7.28125,7.46875,7.53125,11/9/2021,12.71875,12.59375,12.34375,11/9/2022,12.6875,12.875,12.9375
11/9/2016,6.90625,7,7.09375,11/9/2017,8.21875,8.34375,8.40625,11/8/2018,7.625,7.6875,7.78125,11/8/2019,6.84375,7.0625,7.21875,11/9/2020,7.21875,7.40625,7.5,11/10/2021,13.0625,12.9375,12.6875,11/10/2022,12.40625,12.59375,12.65625
11/10/2016,6.9375,7,7.09375,11/10/2017,8.21875,8.34375,8.4375,11/9/2018,7.5625,7.625,7.71875,11/11/2019,6.8125,7.03125,7.15625,11/10/2020,7.3125,7.53125,7.59375,11/11/2021,13.25,13.15625,12.90625,11/11/2022,12.53125,12.6875,12.78125
11/11/2016,7.03125,7.09375,7.1875,11/13/2017,8.0625,8.25,8.3125,11/12/2018,7.71875,7.75,7.875,11/12/2019,6.90625,7.09375,7.21875,11/11/2020,7.25,7.46875,7.5625,11/12/2021,13.15625,13.125,12.90625,11/14/2022,12.8125,12.96875,13.03125
11/14/2016,6.9375,7,7.09375,11/14/2017,8,8.1875,8.25,11/13/2018,7.65625,7.6875,7.78125,11/13/2019,6.8125,7.03125,7.15625,11/12/2020,7.21875,7.4375,7.53125,11/15/2021,12.84375,12.875,12.6875,11/15/2022,12.9375,13.03125,13.09375
11/15/2016,6.90625,6.96875,7.0625,11/15/2017,7.96875,8.15625,8.25,11/14/2018,7.625,7.625,7.75,11/14/2019,6.78125,7,7.125,11/13/2020,7.28125,7.46875,7.5625,11/16/2021,12.75,12.78125,12.59375,11/16/2022,12.875,12.96875,13.03125
11/16/2016,6.96875,6.96875,7.0625,11/16/2017,8.03125,8.21875,8.3125,11/15/2018,7.5625,7.5625,7.6875,11/15/2019,6.65625,6.875,7,11/16/2020,7.25,7.4375,7.53125,11/17/2021,12.9375,13,12.78125,11/17/2022,12.71875,12.8125,12.875
11/17/2016,7.125,7.09375,7.15625,11/17/2017,8.09375,8.28125,8.375,11/16/2018,7.5,7.53125,7.625,11/18/2019,6.65625,6.84375,7,11/17/2020,7.1875,7.40625,7.53125,11/18/2021,12.8125,12.84375,12.6875,11/18/2022,12.75,12.84375,12.90625
11/18/2016,7.15625,7.09375,7.15625,11/20/2017,8.03125,8.1875,8.28125,11/19/2018,7.53125,7.5,7.59375,11/19/2019,6.6875,6.875,7,11/18/2020,7.1875,7.40625,7.53125,11/19/2021,12.78125,12.8125,12.6875,11/21/2022,12.75,12.8125,12.875
11/21/2016,7.0625,7.03125,7.0625,11/21/2017,8,8.1875,8.25,11/20/2018,7.59375,7.59375,7.6875,11/20/2019,6.65625,6.84375,7,11/19/2020,7.125,7.375,7.46875,11/22/2021,13,13.09375,13,11/22/2022,12.65625,12.71875,12.75
11/22/2016,7.09375,7.0625,7.125,11/22/2017,7.96875,8.125,8.21875,11/21/2018,7.5625,7.5625,7.65625,11/21/2019,6.59375,6.75,6.90625,11/20/2020,7.125,7.34375,7.46875,11/23/2021,13.15625,13.25,13.15625,11/23/2022,12.78125,12.71875,12.71875
11/23/2016,7.125,7.09375,7.15625,11/24/2017,7.9375,8.125,8.1875,11/23/2018,7.59375,7.5625,7.625,11/22/2019,6.5625,6.75,6.875,11/23/2020,7.09375,7.34375,7.4375,11/24/2021,13.125,13.25,13.125,11/25/2022,12.8125,12.6875,12.6875
11/25/2016,7.21875,7.15625,7.1875,11/27/2017,7.78125,8,8.09375,11/26/2018,7.65625,7.59375,7.65625,11/25/2019,6.625,6.8125,6.9375,11/24/2020,7.15625,7.40625,7.53125,11/26/2021,13.28125,13.40625,13.28125,11/28/2022,12.84375,12.6875,12.65625
11/28/2016,7.25,7.1875,7.21875,11/28/2017,7.71875,7.96875,8.0625,11/27/2018,7.65625,7.5625,7.65625,11/26/2019,6.5625,6.78125,6.9375,11/25/2020,7.0625,7.3125,7.40625,11/29/2021,13.28125,13.3125,13.1875,11/29/2022,12.78125,12.6875,12.65625
11/29/2016,7.1875,7.15625,7.1875,11/29/2017,7.75,8.03125,8.09375,11/28/2018,7.625,7.59375,7.65625,11/27/2019,6.5,6.75,6.875,11/27/2020,7.15625,7.40625,7.5,11/30/2021,13.03125,12.90625,12.78125,11/30/2022,12.84375,12.65625,12.59375
11/30/2016,7.25,7.1875,7.21875,11/30/2017,7.75,8.03125,8.09375,11/29/2018,7.5625,7.53125,7.625,11/29/2019,6.5625,6.84375,6.9375,11/30/2020,6.9375,7.1875,7.3125,12/1/2021,13.28125,13.0625,12.9375,12/1/2022,12.8125,12.59375,12.53125
12/1/2016,7.1875,7.15625,7.1875,12/1/2017,7.75,8,8.09375,11/30/2018,7.75,7.65625,7.71875,12/2/2019,6.5,6.78125,6.90625,12/1/2020,6.90625,7.09375,7.21875,12/2/2021,13.59375,13.34375,13.15625,12/2/2022,12.65625,12.40625,12.375
12/2/2016,7.21875,7.15625,7.1875,12/4/2017,7.78125,7.96875,8.0625,12/3/2018,7.78125,7.6875,7.75,12/3/2019,6.5625,6.8125,6.9375,12/2/2020,6.96875,7.1875,7.28125,12/3/2021,13.3125,13.09375,12.96875,12/5/2022,12.40625,12.25,12.25
12/5/2016,7.125,7.09375,7.125,12/5/2017,7.71875,7.9375,8.03125,12/4/2018,7.78125,7.6875,7.75,12/4/2019,6.5625,6.8125,6.90625,12/3/2020,6.9375,7.125,7.21875,12/6/2021,13.28125,13.09375,12.96875,12/6/2022,12.375,12.21875,12.25
12/6/2016,7.15625,7.09375,7.125,12/6/2017,7.71875,7.84375,7.9375,12/5/2018,7.8125,7.6875,7.75,12/5/2019,6.5625,6.78125,6.875,12/4/2020,6.84375,7.03125,7.15625,12/7/2021,13.21875,13.09375,12.9375,12/7/2022,12.46875,12.3125,12.3125
12/7/2016,7.0625,7,7.03125,12/7/2017,7.6875,7.84375,7.96875,12/6/2018,7.71875,7.625,7.6875,12/6/2019,6.59375,6.78125,6.90625,12/7/2020,6.8125,7.03125,7.125,12/8/2021,13.3125,13.09375,12.9375,12/8/2022,12.625,12.375,12.34375
12/8/2016,7.0625,7,7.03125,12/8/2017,7.6875,7.84375,7.96875,12/7/2018,7.8125,7.75,7.8125,12/9/2019,6.59375,6.78125,6.90625,12/8/2020,6.78125,6.96875,7.0625,12/9/2021,13.1875,13,12.84375,12/9/2022,12.65625,12.3125,12.28125
12/9/2016,7.0625,7.0625,7.09375,12/11/2017,7.65625,7.8125,7.9375,12/10/2018,7.78125,7.71875,7.78125,12/10/2019,6.5625,6.84375,6.96875,12/9/2020,6.9375,7.125,7.21875,12/10/2021,13.21875,13,12.84375,12/12/2022,12.8125,12.5,12.4375
12/12/2016,7.125,7.0625,7.09375,12/12/2017,7.6875,7.78125,7.90625,12/11/2018,7.78125,7.6875,7.78125,12/11/2019,6.59375,6.8125,6.9375,12/10/2020,6.96875,7.15625,7.28125,12/13/2021,13.28125,13.03125,12.90625,12/13/2022,12.71875,12.5,12.4375
12/13/2016,7.09375,7.0625,7.0625,12/13/2017,7.6875,7.84375,7.96875,12/12/2018,7.75,7.78125,7.84375,12/12/2019,6.59375,6.90625,7,12/11/2020,7.09375,7.28125,7.375,12/14/2021,13.125,13.125,13,12/14/2022,12.71875,12.4375,12.375
12/14/2016,7.1875,7.1875,7.1875,12/14/2017,7.6875,7.90625,8,12/13/2018,7.75,7.84375,7.90625,12/13/2019,6.65625,6.90625,7.03125,12/14/2020,6.9375,7.125,7.21875,12/15/2021,12.9375,12.8125,12.46875,12/15/2022,12.5625,12.46875,12.4375
12/15/2016,7.1875,7.125,7.15625,12/15/2017,7.96875,8.09375,8.125,12/14/2018,,7.8125,7.875,12/16/2019,7.0625,7.15625,7.28125,12/15/2020,7.09375,7.21875,7.3125,12/16/2021,13.125,12.96875,12.59375,12/16/2022,12.46875,12.40625,12.375
12/16/2016,7.25,7.21875,7.25,12/18/2017,7.96875,8.0625,8.125,12/17/2018,7.84375,7.90625,8,12/17/2019,7.09375,7.1875,7.3125,12/16/2020,7.125,7.21875,7.34375,12/17/2021,13.1875,13.03125,12.65625,,,,
12/19/2016,7.25,7.21875,7.25,12/19/2017,7.96875,8.0625,8.125,12/18/2018,7.75,7.84375,7.9375,12/18/2019,7.0625,7.15625,7.28125,12/17/2020,7.21875,7.3125,7.40625,12/20/2021,13.1875,13.0625,12.71875,,,,
12/20/2016,7.21875,7.1875,7.21875,12/20/2017,7.9375,8.03125,8.09375,12/19/2018,7.65625,7.75,7.84375,12/19/2019,7.09375,7.21875,7.3125,12/18/2020,7.28125,7.375,7.46875,12/21/2021,13.25,13.125,12.875,,,,
12/21/2016,7.25,7.1875,7.21875,12/21/2017,7.84375,7.96875,8.03125,12/20/2018,7.6875,7.75,7.84375,12/20/2019,7.0625,7.15625,7.28125,12/21/2020,7.34375,7.4375,7.53125,12/22/2021,13.1875,13.09375,12.84375,,,,
12/22/2016,7.21875,7.1875,7.21875,12/22/2017,7.78125,7.90625,7.96875,12/21/2018,7.625,7.71875,7.8125,12/23/2019,7.0625,7.1875,7.28125,12/22/2020,7.375,7.5,7.59375,12/23/2021,13.21875,13.125,12.90625,,,,
12/23/2016,7.1875,7.15625,7.21875,12/26/2017,7.75,7.84375,7.90625,12/24/2018,7.625,7.71875,7.8125,12/24/2019,7.15625,7.25,7.375,12/23/2020,7.4375,7.5625,7.625,12/27/2021,13.09375,13,12.78125,,,,
12/27/2016,7.3125,7.25,7.3125,12/27/2017,7.875,7.96875,8,12/26/2018,7.46875,7.53125,7.625,12/26/2019,7.1875,7.28125,7.40625,12/24/2020,7.5,7.625,7.6875,12/28/2021,12.8125,12.71875,12.53125,,,,
12/28/2016,7.1875,7.15625,7.1875,12/28/2017,7.78125,7.875,7.9375,12/27/2018,7.53125,7.59375,7.6875,12/27/2019,7.25,7.34375,7.4375,12/28/2020,7.40625,7.53125,7.59375,12/29/2021,12.90625,12.8125,12.5625,,,,
12/29/2016,7.21875,7.1875,7.21875,12/29/2017,7.71875,7.84375,7.875,12/28/2018,7.5,7.59375,7.6875,12/30/2019,7.28125,7.40625,7.5,12/29/2020,7.4375,7.5625,7.625,12/30/2021,12.625,12.5625,12.3125,,,,
12/30/2016,7.21875,7.15625,7.21875,,,,,12/31/2018,7.5,7.5625,7.65625,12/31/2019,7.28125,7.40625,7.5,12/30/2020,7.59375,7.71875,7.78125,12/31/2021,12.40625,12.34375,12.125,,,,
,,,,,,,,,,,,,,,,12/31/2020,7.625,7.71875,7.78125,,,,,,,,