2016,RSC1 2016,RSC2 2016,RSC3 2016,2017,RSC1 2017,RSC2 2017,RSC3 2017,2018,RSC1 2018,RSC2 2018,RSC3 2018,2019,RSC1 2019,RSC2 2019,RSC3 2019,2020,RSC1 2020,RSC2 2020,RSC3 2020,2021,RSC1 2021,RSC2 2021,RSC3 2021,2022,RSC1 2022,RSC2 2022,RSC3 2022
1/4/2016,10.75,10.93,11.05,1/3/2017,11.18,11.34,11.49,1/2/2018,10.94,11.13,11.29,1/2/2019,10.93,11.09,11.27,1/2/2020,10.69,10.89,11.09,1/4/2021,14.25,14.42,14.20,1/4/2022,23.62,23.17,22.64
1/5/2016,10.80,10.98,11.14,1/4/2017,11.28,11.42,11.57,1/3/2018,11.02,11.22,11.38,1/3/2019,10.93,11.09,11.27,1/3/2020,10.65,10.85,11.05,1/5/2021,14.48,14.65,14.45,1/5/2022,23.65,23.20,22.70
1/6/2016,10.84,11.02,11.19,1/5/2017,11.29,11.42,11.57,1/4/2018,11.12,11.31,11.48,1/4/2019,10.85,11.01,11.20,1/6/2020,10.63,10.82,11.03,1/6/2021,14.62,14.79,14.57,1/6/2022,23.66,23.21,22.72
1/7/2016,10.66,10.84,11.00,1/6/2017,11.16,11.30,11.45,1/5/2018,11.16,11.30,11.47,1/7/2019,10.92,11.00,11.20,1/7/2020,10.69,10.88,11.08,1/7/2021,14.73,14.90,14.67,1/7/2022,23.93,23.48,22.98
1/8/2016,10.73,10.92,11.08,1/9/2017,11.18,11.32,11.47,1/8/2018,11.12,11.26,11.43,1/8/2019,10.98,11.01,11.20,1/8/2020,10.71,10.90,11.10,1/8/2021,14.92,15.09,14.82,1/10/2022,23.83,23.37,22.84
1/11/2016,10.66,10.85,11.02,1/10/2017,11.20,11.34,11.49,1/9/2018,11.12,11.26,11.44,1/9/2019,10.97,11.00,11.19,1/9/2020,10.77,10.96,11.16,1/11/2021,15.09,15.26,14.93,1/11/2022,23.77,23.32,22.67
1/12/2016,10.76,10.95,11.13,1/11/2017,11.16,11.30,11.45,1/10/2018,11.06,11.19,11.36,1/10/2019,10.87,10.90,11.09,1/10/2020,10.78,10.98,11.17,1/12/2021,15.41,15.58,15.17,1/12/2022,23.46,23.01,22.49
1/13/2016,10.81,11.00,11.17,1/12/2017,11.25,11.39,11.55,1/11/2018,10.99,11.13,11.31,1/11/2019,10.94,10.96,11.16,1/13/2020,10.76,10.95,11.15,1/13/2021,15.53,15.53,15.16,1/13/2022,22.79,22.34,22.03
1/14/2016,10.83,11.01,11.17,1/13/2017,11.20,11.34,11.50,1/12/2018,11.04,11.18,11.35,1/14/2019,10.85,10.88,11.07,1/14/2020,10.76,10.92,11.12,1/14/2021,15.60,15.60,15.25,1/14/2022,22.75,22.29,22.04
1/15/2016,10.99,11.16,11.22,1/16/2017,11.43,11.58,11.66,1/15/2018,11.14,11.30,11.42,1/15/2019,10.79,10.98,11.14,1/15/2020,10.79,11.00,11.12,1/15/2021,15.60,15.17,14.79,1/17/2022,22.12,21.78,21.14
1/18/2016,11.04,11.21,11.29,1/17/2017,11.54,11.70,11.78,1/16/2018,11.10,11.27,11.40,1/16/2019,10.87,11.06,11.24,1/16/2020,10.80,11.00,11.12,1/18/2021,15.51,15.10,14.73,1/18/2022,21.86,21.59,20.96
1/19/2016,11.06,11.25,11.34,1/18/2017,11.69,11.84,11.92,1/17/2018,11.11,11.27,11.41,1/17/2019,10.96,11.14,11.31,1/17/2020,10.91,11.11,11.22,1/19/2021,15.06,14.66,14.30,1/19/2022,22.70,22.25,21.45
1/20/2016,11.00,11.18,11.27,1/19/2017,11.76,11.92,12.00,1/18/2018,11.17,11.34,11.48,1/18/2019,10.98,11.17,11.35,1/20/2020,10.91,11.11,11.21,1/20/2021,14.71,14.39,14.05,1/20/2022,23.18,22.80,21.96
1/21/2016,10.95,11.14,11.24,1/20/2017,11.78,11.95,12.04,1/19/2018,11.25,11.40,11.53,1/21/2019,10.95,11.13,11.30,1/21/2020,10.81,11.01,11.11,1/21/2021,14.90,14.63,14.35,1/21/2022,23.19,22.89,22.17
1/22/2016,10.92,11.12,11.23,1/23/2017,11.79,11.95,12.03,1/22/2018,11.21,11.36,11.49,1/22/2019,11.01,11.19,11.37,1/22/2020,10.84,11.04,11.14,1/22/2021,14.73,14.42,14.14,1/24/2022,22.59,22.35,21.76
1/25/2016,10.93,11.12,11.24,1/24/2017,11.87,12.03,12.13,1/23/2018,11.25,11.41,11.53,1/23/2019,11.02,11.21,11.40,1/23/2020,10.73,10.93,11.05,1/25/2021,15.32,14.83,14.44,1/25/2022,22.57,22.40,21.96
1/26/2016,10.84,11.04,11.17,1/25/2017,11.85,12.01,12.11,1/24/2018,11.23,11.38,11.51,1/24/2019,11.05,11.24,11.43,1/24/2020,10.65,10.85,10.99,1/26/2021,15.72,15.06,14.58,1/26/2022,22.62,22.49,22.07
1/27/2016,10.91,11.12,11.24,1/26/2017,11.80,11.96,12.05,1/25/2018,11.25,11.41,11.53,1/25/2019,11.08,11.27,11.46,1/27/2020,10.47,10.67,10.82,1/27/2021,16.28,15.38,14.75,1/27/2022,22.84,22.66,22.15
1/28/2016,10.84,11.05,11.18,1/27/2017,11.75,11.89,11.97,1/26/2018,11.20,11.35,11.46,1/28/2019,11.03,11.23,11.39,1/28/2020,10.47,10.68,10.84,1/28/2021,15.86,15.21,14.63,1/28/2022,23.08,22.69,22.08
1/29/2016,10.78,11.00,11.13,1/30/2017,11.59,11.74,11.82,1/29/2018,11.25,11.41,11.53,1/29/2019,10.99,11.18,11.35,1/29/2020,10.47,10.68,10.83,1/29/2021,15.69,15.17,14.62,1/31/2022,22.98,22.73,22.14
2/1/2016,10.68,10.90,11.04,1/31/2017,11.51,11.66,11.74,1/30/2018,11.30,11.45,11.56,1/30/2019,10.97,11.15,11.33,1/30/2020,10.35,10.56,10.71,2/1/2021,16.23,15.39,14.74,2/1/2022,23.18,22.88,22.32
2/2/2016,10.75,10.96,11.09,2/1/2017,11.61,11.78,11.84,1/31/2018,11.27,11.41,11.52,1/31/2019,10.92,11.10,11.27,1/31/2020,10.22,10.43,10.58,2/2/2021,16.00,15.38,14.74,2/2/2022,23.19,22.89,22.30
2/3/2016,10.70,10.92,11.05,2/2/2017,11.68,11.85,11.93,2/1/2018,11.21,11.34,11.44,2/1/2019,10.94,11.12,11.29,2/3/2020,10.26,10.47,10.62,2/3/2021,15.76,15.34,14.78,2/3/2022,23.23,22.91,22.27
2/4/2016,10.62,10.83,10.96,2/3/2017,11.64,11.81,11.88,2/2/2018,11.19,11.32,11.43,2/4/2019,10.97,11.15,11.32,2/4/2020,10.32,10.52,10.68,2/4/2021,15.77,15.32,14.91,2/4/2022,23.07,22.73,22.14
2/5/2016,10.63,10.84,10.98,2/6/2017,11.72,11.89,11.97,2/5/2018,11.22,11.35,11.47,2/5/2019,10.95,11.12,11.29,2/5/2020,10.47,10.68,10.83,2/5/2021,15.70,15.30,14.83,2/7/2022,23.35,23.10,22.45
2/8/2016,10.55,10.76,10.89,2/7/2017,11.80,11.97,12.05,2/6/2018,11.34,11.46,11.58,2/6/2019,11.00,11.18,11.34,2/6/2020,10.46,10.66,10.82,2/8/2021,15.79,15.50,14.95,2/8/2022,23.20,22.84,22.24
2/9/2016,10.44,10.64,10.77,2/8/2017,11.88,12.06,12.14,2/7/2018,11.30,11.44,11.55,2/7/2019,10.98,11.18,11.35,2/7/2020,10.46,10.67,10.83,2/9/2021,16.02,15.69,15.04,2/9/2022,23.28,22.99,22.34
2/10/2016,10.50,10.70,10.82,2/9/2017,11.95,12.13,12.19,2/8/2018,11.32,11.46,11.57,2/8/2019,10.96,11.15,11.34,2/10/2020,10.43,10.64,10.80,2/10/2021,15.84,15.52,14.90,2/10/2022,23.13,22.81,22.20
2/11/2016,10.63,10.83,10.95,2/10/2017,11.97,12.16,12.22,2/9/2018,11.29,11.42,11.53,2/11/2019,10.88,11.07,11.24,2/11/2020,10.42,10.63,10.78,2/11/2021,15.97,15.62,14.93,2/11/2022,22.99,22.69,22.01
2/12/2016,10.60,10.80,10.90,2/13/2017,11.90,12.08,12.15,2/12/2018,11.41,11.54,11.65,2/12/2019,10.91,11.10,11.28,2/12/2020,10.51,10.72,10.86,2/12/2021,16.57,15.90,15.15,2/14/2022,22.90,22.56,21.96
2/16/2016,10.63,10.82,10.91,2/14/2017,11.82,12.00,12.06,2/13/2018,11.43,11.54,11.63,2/13/2019,10.90,11.10,11.28,2/13/2020,10.52,10.72,10.86,2/16/2021,16.74,16.08,15.32,2/15/2022,22.74,22.47,21.87
2/17/2016,10.54,10.72,10.83,2/15/2017,11.89,12.06,12.12,2/14/2018,11.43,11.53,11.62,2/14/2019,10.86,11.05,11.22,2/14/2020,10.42,10.63,10.77,2/17/2021,17.09,16.28,15.55,2/16/2022,22.89,22.70,22.14
2/18/2016,10.53,10.65,10.75,2/16/2017,11.82,11.99,12.04,2/15/2018,11.37,11.47,11.58,2/15/2019,10.79,11.00,11.16,2/18/2020,10.48,10.68,10.83,2/18/2021,17.03,16.49,15.76,2/17/2022,22.88,22.74,22.24
2/19/2016,10.58,10.67,10.78,2/17/2017,11.74,11.91,11.96,2/16/2018,11.41,11.53,11.65,2/19/2019,10.74,10.94,11.10,2/19/2020,10.42,10.61,10.76,2/19/2021,17.54,16.68,15.96,2/18/2022,23.12,22.95,22.39
2/22/2016,10.62,10.73,10.84,2/21/2017,11.72,11.85,11.92,2/20/2018,11.46,11.60,11.70,2/20/2019,10.68,10.87,11.04,2/20/2020,10.42,10.61,10.76,2/22/2021,18.16,17.08,16.34,2/22/2022,23.41,23.29,22.68
2/23/2016,10.40,10.47,10.58,2/22/2017,11.75,11.87,11.95,2/21/2018,11.53,11.65,11.76,2/21/2019,10.77,10.95,11.13,2/21/2020,10.39,10.60,10.76,2/23/2021,18.84,17.60,16.75,2/23/2022,23.66,23.42,22.76
2/24/2016,10.45,10.54,10.66,2/23/2017,11.64,11.73,11.80,2/22/2018,11.58,11.68,11.81,2/22/2019,10.74,10.92,11.10,2/24/2020,10.20,10.41,10.57,2/24/2021,18.16,17.35,16.61,2/24/2022,24.16,23.86,23.10
2/25/2016,10.16,10.28,10.42,2/24/2017,11.69,11.72,11.80,2/23/2018,11.61,11.71,11.83,2/25/2019,10.68,10.84,11.02,2/25/2020,10.16,10.35,10.51,2/25/2021,17.92,16.67,15.99,2/25/2022,22.71,22.71,22.25
2/26/2016,10.14,10.27,10.41,2/27/2017,11.61,11.67,11.74,2/26/2018,11.73,11.84,11.95,2/26/2019,10.61,10.77,10.95,2/26/2020,10.17,10.35,10.52,2/26/2021,18.13,16.76,15.98,2/28/2022,23.43,23.42,22.90
2/29/2016,10.12,10.20,10.31,2/28/2017,11.76,11.80,11.86,2/27/2018,11.73,11.84,11.98,2/27/2019,10.56,10.73,10.91,2/27/2020,10.13,10.36,10.53,3/1/2021,18.17,16.77,16.00,3/1/2022,24.88,24.49,23.80
3/1/2016,10.09,10.13,10.22,3/1/2017,12.14,12.09,12.14,2/28/2018,11.80,11.88,12.00,2/28/2019,10.51,10.64,10.83,2/28/2020,10.27,10.35,10.52,3/2/2021,18.48,17.08,16.23,3/2/2022,24.25,24.07,23.54
3/2/2016,10.21,10.25,10.33,3/2/2017,12.07,11.98,12.04,3/1/2018,11.83,11.91,12.02,3/1/2019,10.35,10.46,10.66,3/2/2020,10.42,10.50,10.67,3/3/2021,18.80,17.40,16.52,3/3/2022,24.75,24.57,23.95
3/3/2016,10.21,10.26,10.34,3/3/2017,12.17,12.08,12.12,3/2/2018,11.87,11.95,12.06,3/4/2019,10.38,10.50,10.69,3/3/2020,10.52,10.58,10.75,3/4/2021,18.47,17.74,16.79,3/4/2022,24.56,24.38,23.85
3/4/2016,10.21,10.26,10.38,3/6/2017,12.04,12.06,12.10,3/5/2018,11.99,12.03,12.12,3/5/2019,10.27,10.38,10.58,3/4/2020,10.70,10.59,10.77,3/5/2021,18.55,17.82,16.91,3/7/2022,25.06,24.88,24.26
3/7/2016,10.32,10.37,10.49,3/7/2017,11.94,11.88,11.92,3/6/2018,11.81,11.93,12.03,3/6/2019,10.21,10.33,10.52,3/5/2020,10.68,10.51,10.70,3/8/2021,18.78,18.06,17.14,3/8/2022,25.51,25.33,24.61
3/8/2016,10.34,10.38,10.48,3/8/2017,12.02,11.96,12.01,3/7/2018,11.72,11.84,11.94,3/7/2019,10.23,10.35,10.55,3/6/2020,10.43,10.43,10.61,3/9/2021,18.78,18.06,17.10,3/9/2022,25.70,25.52,24.76
3/9/2016,10.27,10.31,10.41,3/9/2017,12.01,11.94,12.00,3/8/2018,11.71,11.83,11.93,3/8/2019,10.26,10.37,10.57,3/9/2020,10.29,10.33,10.52,3/10/2021,18.34,17.62,16.67,3/10/2022,25.82,25.64,24.87
3/10/2016,10.51,10.55,10.61,3/10/2017,11.93,11.86,11.92,3/9/2018,11.56,11.68,11.77,3/11/2019,10.22,10.34,10.53,3/10/2020,10.46,10.45,10.65,3/11/2021,18.90,18.18,17.09,3/11/2022,25.83,25.66,24.90
3/11/2016,10.46,10.51,10.57,3/13/2017,11.81,11.75,11.83,3/12/2018,11.50,11.62,11.75,3/12/2019,10.28,10.39,10.59,3/11/2020,10.43,10.43,10.62,3/12/2021,18.89,18.17,17.02,3/14/2022,25.63,25.45,24.87
3/14/2016,10.53,10.58,10.60,3/14/2017,11.73,11.66,11.75,3/13/2018,11.69,11.81,11.94,3/13/2019,10.28,10.39,10.59,3/12/2020,10.24,10.23,10.42,3/15/2021,18.21,17.02,14.35,3/15/2022,25.39,24.83,21.20
3/15/2016,10.60,10.63,10.68,3/15/2017,11.58,11.69,11.24,3/14/2018,11.63,11.76,11.89,3/14/2019,10.35,10.46,10.65,3/13/2020,10.30,10.29,10.47,3/16/2021,18.04,16.88,14.36,3/16/2022,25.26,24.66,21.13
3/16/2016,10.66,10.74,10.79,3/16/2017,11.47,11.58,11.14,3/15/2018,11.84,11.97,11.71,3/15/2019,10.54,10.73,10.96,3/16/2020,10.16,10.32,10.48,3/17/2021,17.67,16.59,14.16,3/17/2022,25.63,24.89,21.16
3/17/2016,10.56,10.67,10.81,3/17/2017,11.42,11.54,11.11,3/16/2018,11.86,11.98,11.75,3/18/2019,10.58,10.76,11.02,3/17/2020,10.28,10.45,10.66,3/18/2021,17.10,16.11,13.86,3/18/2022,25.51,24.92,21.16
3/18/2016,10.56,10.69,10.82,3/20/2017,11.46,11.59,11.17,3/19/2018,11.74,11.86,11.63,3/19/2019,10.53,10.71,11.00,3/18/2020,10.37,10.55,10.77,3/19/2021,17.60,16.49,14.05,3/21/2022,25.52,24.94,21.33
3/21/2016,10.65,10.75,10.87,3/21/2017,11.45,11.58,11.22,3/20/2018,11.79,11.91,11.70,3/20/2019,10.54,10.72,11.00,3/19/2020,10.50,10.67,10.86,3/22/2021,18.05,16.87,14.10,3/22/2022,26.24,25.49,21.71
3/22/2016,10.73,10.83,10.90,3/22/2017,11.38,11.52,11.26,3/21/2018,11.82,11.94,11.72,3/21/2019,10.62,10.81,11.09,3/20/2020,10.48,10.65,10.83,3/23/2021,17.75,16.59,13.95,3/23/2022,25.78,25.12,21.27
3/23/2016,10.65,10.75,10.78,3/23/2017,11.07,11.22,11.11,3/22/2018,11.77,11.89,11.66,3/22/2019,10.29,10.49,10.77,3/23/2020,10.60,10.79,10.95,3/24/2021,18.06,16.87,13.94,3/24/2022,26.05,25.43,21.63
3/24/2016,10.68,10.79,10.81,3/24/2017,10.94,11.10,10.95,3/23/2018,11.81,11.92,11.68,3/25/2019,10.36,10.55,10.84,3/24/2020,10.60,10.80,10.96,3/25/2021,17.72,16.61,13.82,3/25/2022,25.84,25.26,21.80
3/28/2016,10.76,10.87,10.91,3/27/2017,11.08,11.21,11.01,3/26/2018,11.85,11.97,11.69,3/26/2019,10.24,10.43,10.70,3/25/2020,10.56,10.76,10.95,3/26/2021,17.04,16.02,13.69,3/28/2022,25.93,25.41,21.96
3/29/2016,10.84,10.96,10.93,3/28/2017,11.24,11.33,11.03,3/27/2018,11.86,11.97,11.66,3/27/2019,10.24,10.41,10.69,3/26/2020,10.50,10.70,10.89,3/29/2021,17.15,16.24,13.73,3/29/2022,25.72,25.25,21.77
3/30/2016,10.76,10.88,10.82,3/29/2017,11.20,11.31,11.00,3/28/2018,11.83,11.95,11.70,3/28/2019,10.32,10.50,10.75,3/27/2020,10.50,10.70,10.92,3/30/2021,16.49,15.60,13.37,3/30/2022,25.72,25.19,21.80
3/31/2016,10.80,10.93,10.89,3/30/2017,11.05,11.15,10.86,3/29/2018,11.85,11.98,11.72,3/29/2019,10.33,10.50,10.76,3/30/2020,10.60,10.80,11.02,3/31/2021,17.17,16.28,14.05,3/31/2022,25.64,25.11,21.84
4/1/2016,10.87,11.00,10.98,3/31/2017,10.99,11.08,10.80,4/2/2018,11.90,12.03,11.76,4/1/2019,10.36,10.53,10.79,3/31/2020,10.63,10.83,11.02,4/1/2021,16.80,15.91,14.01,4/1/2022,25.72,25.10,22.00
4/4/2016,10.92,11.06,11.03,4/3/2017,10.99,11.09,10.81,4/3/2018,11.94,12.07,11.78,4/2/2019,10.40,10.58,10.83,4/1/2020,10.55,10.74,10.92,4/5/2021,17.41,16.47,14.11,4/4/2022,26.54,25.74,22.73
4/5/2016,10.90,11.02,10.99,4/4/2017,11.01,11.11,10.86,4/4/2018,11.98,12.11,11.83,4/3/2019,10.33,10.51,10.77,4/2/2020,10.51,10.71,10.90,4/6/2021,17.81,16.67,14.19,4/5/2022,26.03,25.47,22.70
4/6/2016,10.95,11.07,11.03,4/5/2017,11.10,11.20,10.96,4/5/2018,12.00,12.12,11.78,4/4/2019,10.39,10.56,10.85,4/3/2020,10.46,10.66,10.84,4/7/2021,18.15,16.79,14.22,4/6/2022,25.87,25.26,22.54
4/7/2016,10.94,11.05,10.98,4/6/2017,11.02,11.10,10.91,4/6/2018,12.06,12.19,11.85,4/5/2019,10.37,10.56,10.86,4/6/2020,10.49,10.67,10.85,4/8/2021,18.45,16.97,14.23,4/7/2022,26.24,25.66,22.87
4/8/2016,10.89,11.01,10.95,4/7/2017,11.09,11.17,10.98,4/9/2018,12.04,12.17,11.83,4/8/2019,10.31,10.49,10.79,4/7/2020,10.44,10.61,10.79,4/9/2021,18.39,16.76,14.27,4/8/2022,26.44,25.83,22.93
4/11/2016,10.88,11.01,10.96,4/10/2017,11.11,11.16,10.93,4/10/2018,11.95,12.08,11.79,4/9/2019,10.33,10.50,10.79,4/8/2020,10.48,10.62,10.79,4/12/2021,18.30,16.63,14.22,4/11/2022,26.47,25.91,22.96
4/12/2016,10.75,10.87,10.85,4/11/2017,11.22,11.22,10.87,4/11/2018,11.87,11.97,11.71,4/10/2019,10.34,10.52,10.78,4/9/2020,10.51,10.63,10.79,4/13/2021,18.53,16.83,14.35,4/12/2022,26.25,25.75,23.10
4/13/2016,10.88,11.00,10.95,4/12/2017,11.23,11.20,10.87,4/12/2018,11.90,11.97,11.70,4/11/2019,10.35,10.53,10.78,4/13/2020,10.43,10.56,10.70,4/14/2021,18.76,17.14,14.49,4/13/2022,26.20,25.78,23.31
4/14/2016,10.89,10.99,10.95,4/13/2017,11.34,11.32,10.90,4/13/2018,11.88,11.93,11.66,4/12/2019,10.35,10.54,10.77,4/14/2020,10.37,10.52,10.68,4/15/2021,18.81,17.25,14.56,4/14/2022,26.32,25.91,23.42
4/15/2016,10.82,10.92,10.88,4/17/2017,11.54,11.48,11.02,4/16/2018,11.81,11.87,11.60,4/15/2019,10.34,10.52,10.77,4/15/2020,10.42,10.59,10.74,4/16/2021,18.90,17.46,14.78,4/18/2022,26.56,26.15,23.81
4/18/2016,10.86,10.96,10.97,4/18/2017,11.62,11.52,11.02,4/17/2018,11.82,11.88,11.60,4/16/2019,10.31,10.48,10.75,4/16/2020,10.38,10.54,10.73,4/19/2021,18.88,17.64,14.98,4/19/2022,26.50,26.07,23.71
4/19/2016,10.99,11.07,11.08,4/19/2017,11.71,11.61,11.12,4/18/2018,11.94,11.95,11.66,4/17/2019,10.23,10.40,10.67,4/17/2020,10.35,10.51,10.70,4/20/2021,19.56,18.31,15.35,4/20/2022,26.37,25.96,23.78
4/20/2016,11.11,11.19,11.10,4/20/2017,11.78,11.70,11.20,4/19/2018,12.12,12.12,11.79,4/18/2019,10.19,10.37,10.63,4/20/2020,10.28,10.45,10.63,4/21/2021,19.87,18.58,15.44,4/21/2022,26.74,26.28,24.14
4/21/2016,11.22,11.32,11.18,4/21/2017,11.93,11.79,11.16,4/20/2018,12.13,12.11,11.79,4/22/2019,10.05,10.24,10.51,4/21/2020,10.25,10.42,10.61,4/22/2021,19.90,18.86,15.74,4/22/2022,27.08,26.57,24.59
4/22/2016,11.10,11.19,11.08,4/24/2017,12.03,11.88,11.22,4/23/2018,12.23,12.16,11.82,4/23/2019,9.93,10.12,10.41,4/22/2020,10.29,10.44,10.64,4/23/2021,19.85,18.69,15.71,4/25/2022,26.87,26.47,24.54
4/25/2016,11.26,11.31,11.18,4/25/2017,11.83,11.82,11.23,4/24/2018,12.24,12.16,11.78,4/24/2019,9.96,10.16,10.44,4/23/2020,10.36,10.47,10.66,4/26/2021,20.28,19.05,15.84,4/26/2022,27.24,27.10,25.12
4/26/2016,11.32,11.36,11.18,4/26/2017,12.03,11.83,11.27,4/25/2018,12.22,12.13,11.77,4/25/2019,10.03,10.24,10.52,4/24/2020,10.34,10.42,10.61,4/27/2021,20.45,18.99,15.74,4/27/2022,27.64,27.42,25.23
4/27/2016,11.33,11.31,11.13,4/27/2017,12.00,11.79,11.32,4/26/2018,12.07,12.07,11.73,4/26/2019,9.97,10.12,10.43,4/27/2020,10.41,10.46,10.64,4/28/2021,20.30,18.90,15.59,4/28/2022,27.20,27.37,25.49
4/28/2016,11.29,11.29,11.13,4/28/2017,11.61,11.67,11.33,4/27/2018,12.10,12.07,11.75,4/29/2019,9.94,10.09,10.41,4/28/2020,10.52,10.47,10.64,4/29/2021,20.25,19.11,15.65,4/29/2022,26.86,26.95,25.05
4/29/2016,11.32,11.36,11.22,5/1/2017,11.94,11.69,11.37,4/30/2018,12.05,12.07,11.76,4/30/2019,9.92,10.01,10.33,4/29/2020,10.50,10.48,10.66,4/30/2021,20.61,19.70,16.11,5/2/2022,25.85,25.94,24.13
5/2/2016,11.31,11.33,11.25,5/2/2017,11.82,11.81,11.45,5/1/2018,12.01,12.02,11.73,5/1/2019,9.80,9.90,10.22,4/30/2020,10.70,10.56,10.73,5/3/2021,20.50,19.60,16.10,5/3/2022,25.56,25.65,23.88
5/3/2016,11.29,11.42,11.31,5/3/2017,11.86,11.85,11.46,5/2/2018,11.98,12.00,11.77,5/2/2019,9.75,9.82,10.14,5/1/2020,10.51,10.57,10.74,5/4/2021,21.18,20.28,16.57,5/4/2022,25.85,25.96,24.44
5/4/2016,11.24,11.37,11.35,5/4/2017,11.86,11.86,11.38,5/3/2018,11.97,11.98,11.77,5/3/2019,9.75,9.81,10.14,5/4/2020,10.45,10.51,10.68,5/5/2021,22.07,21.17,16.79,5/5/2022,26.22,26.33,24.74
5/5/2016,11.22,11.33,11.33,5/5/2017,11.93,11.93,11.45,5/4/2018,11.94,11.95,11.79,5/6/2019,9.77,9.81,10.11,5/5/2020,10.46,10.53,10.69,5/6/2021,22.75,21.85,17.27,5/6/2022,26.15,26.25,24.53
5/6/2016,11.46,11.58,11.49,5/8/2017,11.92,11.92,11.50,5/7/2018,11.89,11.90,11.72,5/7/2019,9.88,9.94,10.24,5/6/2020,10.49,10.56,10.71,5/7/2021,23.71,22.81,17.06,5/9/2022,26.41,26.24,24.35
5/9/2016,11.59,11.71,11.50,5/9/2017,11.97,11.97,11.52,5/8/2018,11.97,11.99,11.77,5/8/2019,9.92,9.92,10.24,5/7/2020,10.53,10.60,10.75,5/10/2021,23.03,22.13,16.64,5/10/2022,25.92,25.75,24.42
5/10/2016,11.95,12.07,11.83,5/10/2017,11.80,11.79,11.43,5/9/2018,12.02,12.03,11.74,5/9/2019,9.89,9.90,10.21,5/8/2020,10.64,10.63,10.77,5/11/2021,22.33,21.14,16.73,5/11/2022,26.30,26.13,24.71
5/11/2016,11.61,11.73,11.70,5/11/2017,11.78,11.78,11.39,5/10/2018,12.08,12.09,11.78,5/10/2019,9.87,9.88,10.18,5/11/2020,10.69,10.69,10.81,5/12/2021,21.65,20.46,17.12,5/12/2022,27.15,26.13,24.67
5/12/2016,11.46,11.49,11.48,5/12/2017,11.89,11.88,11.44,5/11/2018,12.06,12.07,11.75,5/13/2019,9.85,9.89,10.13,5/12/2020,10.71,10.71,10.82,5/13/2021,20.63,19.44,16.71,5/13/2022,27.81,26.78,24.94
5/13/2016,11.67,11.70,11.63,5/15/2017,11.87,11.44,11.56,5/14/2018,12.06,12.07,11.78,5/14/2019,9.95,10.03,10.29,5/13/2020,10.69,10.69,10.83,5/14/2021,20.96,19.77,16.83,5/16/2022,27.13,25.06,25.12
5/16/2016,11.70,11.63,11.72,5/16/2017,11.91,11.48,11.60,5/15/2018,12.10,11.82,11.92,5/15/2019,10.01,10.28,10.41,5/14/2020,10.69,10.68,10.83,5/17/2021,20.79,16.66,16.51,5/17/2022,26.99,24.84,24.94
5/17/2016,11.72,11.69,11.80,5/17/2017,11.97,11.47,11.58,5/16/2018,12.00,11.69,11.80,5/16/2019,10.14,10.41,10.54,5/15/2020,10.71,10.85,11.00,5/18/2021,21.39,16.64,16.49,5/18/2022,26.13,24.25,24.34
5/18/2016,11.85,11.79,11.88,5/18/2017,11.82,11.31,11.41,5/17/2018,12.08,11.72,11.83,5/17/2019,10.05,10.32,10.45,5/19/2020,10.71,10.86,11.01,5/19/2021,21.16,16.37,16.23,5/19/2022,26.08,23.77,23.88
5/19/2016,11.86,11.79,11.87,5/19/2017,11.87,11.34,11.46,5/18/2018,12.07,11.77,11.87,5/21/2019,10.03,10.31,10.44,5/20/2020,10.72,10.87,11.01,5/20/2021,20.48,16.28,16.15,5/20/2022,26.56,24.01,24.16
5/20/2016,11.93,11.90,11.97,5/23/2017,11.93,11.37,11.50,5/22/2018,12.08,11.78,11.89,5/22/2019,10.11,10.40,10.53,5/21/2020,10.60,10.75,10.90,5/21/2021,20.03,16.03,15.94,5/24/2022,26.90,24.18,24.32
5/24/2016,11.79,11.72,11.80,5/24/2017,11.88,11.30,11.43,5/23/2018,12.14,11.85,11.95,5/23/2019,10.02,10.32,10.44,5/22/2020,10.51,10.71,10.86,5/25/2021,19.91,15.81,15.73,5/25/2022,26.16,23.91,24.04
5/25/2016,11.90,11.83,11.88,5/25/2017,11.80,11.20,11.32,5/24/2018,12.22,11.93,12.01,5/24/2019,10.08,10.39,10.50,5/25/2020,10.44,10.65,10.80,5/26/2021,19.56,15.68,15.64,5/26/2022,26.74,24.51,24.61
5/26/2016,11.69,11.68,11.75,5/26/2017,11.72,11.11,11.23,5/25/2018,12.20,11.91,12.01,5/27/2019,10.11,10.41,10.52,5/26/2020,10.54,10.70,10.85,5/27/2021,20.11,16.25,16.23,5/27/2022,26.94,24.41,24.51
5/27/2016,11.63,11.75,11.83,5/29/2017,11.62,11.04,11.17,5/28/2018,12.16,11.87,11.97,5/28/2019,10.23,10.53,10.64,5/27/2020,10.51,10.71,10.86,5/28/2021,20.19,16.20,16.16,5/30/2022,26.90,24.34,24.43
5/30/2016,11.61,11.72,11.80,5/30/2017,11.40,10.95,11.07,5/29/2018,12.20,11.95,12.08,5/29/2019,10.39,10.71,10.82,5/28/2020,10.45,10.67,10.82,5/31/2021,20.19,16.22,16.18,5/31/2022,26.86,24.35,24.44
5/31/2016,11.58,11.73,11.80,5/31/2017,11.36,10.93,11.07,5/30/2018,12.15,11.91,12.04,5/30/2019,10.41,10.73,10.83,5/29/2020,10.46,10.66,10.81,6/1/2021,20.34,16.76,16.72,6/1/2022,26.16,23.92,24.00
6/1/2016,11.73,11.84,11.92,6/1/2017,11.22,10.86,10.99,5/31/2018,12.11,11.88,12.02,5/31/2019,10.42,10.74,10.85,6/1/2020,10.37,10.57,10.72,6/2/2021,20.60,17.01,16.89,6/2/2022,25.90,23.62,23.72
6/2/2016,11.81,11.94,12.00,6/2/2017,11.34,10.92,11.05,6/1/2018,12.03,11.86,12.02,6/3/2019,10.33,10.63,10.76,6/2/2020,10.43,10.59,10.74,6/3/2021,20.18,16.87,16.74,6/3/2022,25.15,23.57,23.68
6/3/2016,11.66,11.80,11.87,6/5/2017,11.56,11.00,11.12,6/4/2018,11.91,11.74,11.90,6/4/2019,10.28,10.58,10.71,6/3/2020,10.45,10.62,10.77,6/4/2021,20.51,17.32,17.24,6/6/2022,25.49,23.65,23.75
6/6/2016,11.73,11.85,11.94,6/6/2017,11.56,11.08,11.22,6/5/2018,11.91,11.75,11.91,6/5/2019,10.21,10.50,10.64,6/4/2020,10.51,10.68,10.83,6/7/2021,20.01,17.50,17.45,6/7/2022,25.24,23.59,23.72
6/7/2016,11.75,11.88,11.96,6/7/2017,11.56,11.10,11.23,6/6/2018,11.88,11.73,11.89,6/6/2019,10.31,10.59,10.73,6/5/2020,10.57,10.71,10.85,6/8/2021,19.64,17.56,17.52,6/8/2022,25.47,24.11,24.26
6/8/2016,11.88,12.00,12.07,6/8/2017,11.64,11.24,11.37,6/7/2018,11.80,11.64,11.81,6/7/2019,10.27,10.54,10.67,6/8/2020,10.54,10.67,10.81,6/9/2021,19.60,17.31,17.29,6/9/2022,25.38,24.07,24.17
6/9/2016,11.85,11.93,12.02,6/9/2017,11.67,11.22,11.36,6/8/2018,11.74,11.59,11.75,6/10/2019,10.31,10.53,10.65,6/9/2020,10.61,10.69,10.83,6/10/2021,19.77,17.27,17.30,6/10/2022,25.04,23.68,23.83
6/10/2016,11.87,11.92,12.02,6/12/2017,11.68,11.16,11.29,6/11/2018,11.72,11.57,11.73,6/11/2019,10.33,10.56,10.68,6/10/2020,10.61,10.69,10.83,6/11/2021,19.75,16.88,16.89,6/13/2022,24.66,23.33,23.45
6/13/2016,11.95,12.00,12.11,6/13/2017,11.59,10.99,11.12,6/12/2018,11.73,11.59,11.74,6/12/2019,10.38,10.63,10.75,6/11/2020,10.61,10.70,10.85,6/14/2021,19.36,16.50,16.53,6/14/2022,24.86,23.69,23.80
6/14/2016,11.94,12.02,12.12,6/14/2017,11.56,10.93,11.06,6/13/2018,11.67,11.47,11.61,6/13/2019,10.35,10.70,10.82,6/12/2020,10.65,10.73,10.87,6/15/2021,19.18,16.42,16.46,6/15/2022,24.58,23.52,23.64
6/15/2016,11.83,11.91,11.99,6/15/2017,11.63,11.02,11.16,6/14/2018,11.73,11.51,11.65,6/14/2019,10.32,10.67,10.80,6/15/2020,10.69,10.74,10.88,6/16/2021,18.53,15.79,15.83,6/16/2022,24.35,23.20,23.32
6/16/2016,11.56,11.68,11.77,6/16/2017,11.66,11.07,11.21,6/15/2018,11.79,11.56,11.71,6/17/2019,10.42,10.78,10.94,6/16/2020,10.73,10.76,10.89,6/17/2021,17.85,15.11,15.15,6/17/2022,23.76,22.69,22.83
6/17/2016,11.58,11.75,11.86,6/19/2017,11.73,11.11,11.24,6/18/2018,11.79,11.54,11.70,6/18/2019,10.44,10.80,10.95,6/17/2020,10.73,10.77,10.90,6/18/2021,17.31,15.74,15.73,6/20/2022,23.16,21.84,21.99
6/20/2016,11.31,11.51,11.63,6/20/2017,11.58,10.96,11.09,6/19/2018,11.75,11.49,11.63,6/19/2019,10.33,10.64,10.79,6/18/2020,10.71,10.79,10.92,6/21/2021,16.97,15.88,15.93,6/21/2022,22.73,21.63,21.78
6/21/2016,10.97,11.19,11.31,6/21/2017,11.48,10.87,11.01,6/20/2018,11.78,11.53,11.68,6/20/2019,10.34,10.65,10.82,6/19/2020,10.75,10.84,10.98,6/22/2021,16.84,16.06,16.09,6/22/2022,21.59,20.69,20.82
6/22/2016,10.89,11.13,11.28,6/22/2017,11.45,10.74,10.87,6/21/2018,11.91,11.61,11.76,6/21/2019,10.28,10.60,10.76,6/22/2020,10.76,10.82,10.95,6/23/2021,17.52,16.74,16.77,6/23/2022,19.96,19.16,19.29
6/23/2016,10.73,11.00,11.13,6/23/2017,11.56,10.78,10.91,6/22/2018,11.96,11.64,11.80,6/24/2019,10.25,10.55,10.71,6/23/2020,10.73,10.76,10.89,6/24/2021,17.90,16.75,16.76,6/24/2022,20.01,19.74,19.87
6/24/2016,10.53,10.82,10.95,6/26/2017,11.53,10.75,10.88,6/25/2018,11.87,11.56,11.71,6/25/2019,10.11,10.34,10.51,6/24/2020,10.77,10.69,10.83,6/25/2021,18.12,16.77,16.69,6/27/2022,20.44,20.17,20.31
6/27/2016,10.66,10.96,11.12,6/27/2017,11.63,10.84,10.97,6/26/2018,11.83,11.52,11.66,6/26/2019,10.00,10.29,10.46,6/25/2020,10.71,10.64,10.78,6/28/2021,17.68,17.45,17.37,6/28/2022,20.33,20.20,20.35
6/28/2016,10.73,11.01,11.15,6/28/2017,11.78,10.93,11.07,6/27/2018,11.88,11.63,11.75,6/27/2019,10.00,10.25,10.42,6/26/2020,10.67,10.63,10.76,6/29/2021,18.36,18.02,17.88,6/29/2022,20.39,20.23,20.40
6/29/2016,10.85,11.08,11.20,6/29/2017,12.02,10.99,11.12,6/28/2018,11.58,11.58,11.71,6/28/2019,10.25,10.34,10.50,6/29/2020,10.75,10.74,10.88,6/30/2021,19.04,18.41,18.35,6/30/2022,20.71,19.92,20.11
6/30/2016,11.01,11.24,11.41,6/30/2017,12.50,11.29,11.42,6/29/2018,11.82,11.55,11.66,7/2/2019,10.19,10.23,10.39,6/30/2020,10.52,10.80,10.94,7/2/2021,19.72,18.84,18.72,7/4/2022,20.00,19.21,19.36
7/4/2016,11.05,11.19,11.37,7/4/2017,12.64,11.45,11.57,7/3/2018,11.76,11.50,11.61,7/3/2019,10.21,10.22,10.37,7/2/2020,10.44,10.80,10.95,7/5/2021,19.06,18.18,18.10,7/5/2022,19.59,18.79,18.97
7/5/2016,10.95,10.96,11.11,7/5/2017,12.86,11.58,11.69,7/4/2018,11.55,11.43,11.56,7/4/2019,10.20,10.18,10.33,7/3/2020,10.41,10.77,10.91,7/6/2021,18.85,17.50,17.42,7/6/2022,19.51,18.72,18.89
7/6/2016,10.87,10.88,11.03,7/6/2017,13.00,11.76,11.85,7/5/2018,11.56,11.45,11.58,7/5/2019,9.95,10.04,10.20,7/6/2020,10.49,10.86,11.00,7/7/2021,19.29,17.94,17.83,7/7/2022,20.05,19.26,19.41
7/7/2016,10.47,10.48,10.64,7/7/2017,12.95,11.73,11.81,7/6/2018,11.87,11.59,11.71,7/8/2019,9.94,10.14,10.30,7/7/2020,10.52,10.89,11.04,7/8/2021,19.82,18.46,18.29,7/8/2022,20.19,19.39,19.55
7/8/2016,10.60,10.66,10.81,7/10/2017,13.22,12.03,12.10,7/9/2018,11.75,11.48,11.60,7/9/2019,10.00,10.18,10.33,7/8/2020,10.48,10.87,11.02,7/9/2021,20.50,19.14,18.97,7/11/2022,20.83,19.66,19.81
7/11/2016,10.61,10.67,10.82,7/11/2017,13.14,11.96,12.04,7/10/2018,11.67,11.40,11.52,7/10/2019,10.12,10.11,10.27,7/9/2020,10.58,10.92,11.08,7/12/2021,21.52,20.16,19.99,7/12/2022,20.10,18.92,19.08
7/12/2016,10.72,10.78,10.93,7/12/2017,12.84,11.66,11.74,7/11/2018,11.30,11.20,11.34,7/11/2019,10.16,10.14,10.31,7/10/2020,10.87,10.87,11.03,7/13/2021,22.15,20.79,20.58,7/13/2022,20.00,18.82,19.00
7/13/2016,10.88,10.94,11.10,7/13/2017,12.57,11.40,11.49,7/12/2018,11.18,11.18,11.31,7/12/2019,10.16,10.22,10.38,7/13/2020,10.82,10.83,11.00,7/14/2021,21.62,20.26,20.05,7/14/2022,20.31,19.13,19.30
7/14/2016,10.78,10.82,10.98,7/14/2017,12.66,11.51,11.60,7/13/2018,11.00,11.00,11.15,7/15/2019,10.14,10.29,10.45,7/14/2020,10.87,10.87,11.04,7/15/2021,20.69,20.36,19.97,7/15/2022,19.13,19.28,19.43
7/15/2016,10.66,10.84,10.99,7/17/2017,11.48,11.57,11.64,7/16/2018,11.05,11.19,11.31,7/16/2019,10.10,10.27,10.43,7/15/2020,10.84,11.01,11.14,7/16/2021,20.81,20.40,19.93,7/18/2022,19.41,19.57,19.72
7/18/2016,10.68,10.85,11.01,7/18/2017,11.58,11.67,11.74,7/17/2018,11.07,11.22,11.35,7/17/2019,10.07,10.24,10.41,7/16/2020,10.87,11.03,11.16,7/19/2021,20.37,19.95,19.52,7/19/2022,19.03,19.20,19.36
7/19/2016,10.51,10.69,10.85,7/19/2017,11.51,11.61,11.68,7/18/2018,11.16,11.29,11.41,7/18/2019,10.10,10.26,10.43,7/17/2020,10.97,11.13,11.26,7/20/2021,20.62,20.22,19.82,7/20/2022,18.53,18.72,18.89
7/20/2016,10.51,10.69,10.84,7/20/2017,11.58,11.68,11.75,7/19/2018,11.19,11.32,11.45,7/19/2019,10.20,10.36,10.51,7/20/2020,11.01,11.17,11.28,7/21/2021,19.96,19.67,19.32,7/21/2022,17.99,18.18,18.35
7/21/2016,10.49,10.67,10.81,7/21/2017,11.45,11.57,11.66,7/20/2018,11.12,11.26,11.39,7/22/2019,10.14,10.29,10.45,7/21/2020,10.99,11.15,11.26,7/22/2021,19.99,19.66,19.29,7/22/2022,18.20,18.38,18.56
7/22/2016,10.24,10.41,10.55,7/24/2017,11.20,11.34,11.44,7/23/2018,11.04,11.17,11.30,7/23/2019,10.15,10.31,10.47,7/22/2020,10.97,11.13,11.25,7/23/2021,20.04,19.67,19.28,7/25/2022,18.03,18.22,18.40
7/25/2016,10.07,10.24,10.39,7/25/2017,11.10,11.23,11.32,7/24/2018,11.11,11.25,11.38,7/24/2019,10.21,10.38,10.54,7/23/2020,11.01,11.17,11.29,7/26/2021,20.33,19.98,19.57,7/26/2022,18.46,18.65,18.84
7/26/2016,10.14,10.31,10.46,7/26/2017,11.28,11.40,11.50,7/25/2018,11.10,11.24,11.37,7/25/2019,10.18,10.35,10.51,7/24/2020,11.06,11.21,11.32,7/27/2021,20.28,19.95,19.55,7/27/2022,18.70,18.90,19.09
7/27/2016,10.29,10.46,10.60,7/27/2017,11.43,11.55,11.64,7/26/2018,11.18,11.32,11.45,7/26/2019,10.22,10.39,10.55,7/27/2020,11.08,11.24,11.34,7/28/2021,20.03,19.71,19.39,7/28/2022,19.59,19.78,19.97
7/28/2016,10.23,10.39,10.55,7/28/2017,11.57,11.68,11.77,7/27/2018,11.19,11.34,11.46,7/29/2019,10.19,10.37,10.53,7/28/2020,11.06,11.22,11.32,7/29/2021,19.92,19.62,19.30,7/29/2022,20.25,20.46,20.64
7/29/2016,10.29,10.44,10.58,7/31/2017,11.53,11.65,11.74,7/30/2018,11.20,11.35,11.47,7/30/2019,10.17,10.35,10.52,7/29/2020,11.14,11.29,11.37,7/30/2021,19.10,18.96,18.78,8/2/2022,19.24,19.47,19.65
8/2/2016,10.15,10.29,10.44,8/1/2017,11.30,11.43,11.52,7/31/2018,11.36,11.51,11.63,7/31/2019,10.06,10.23,10.39,7/30/2020,11.12,11.24,11.32,8/3/2021,19.39,19.15,18.89,8/3/2022,18.64,18.87,19.04
8/3/2016,10.12,10.25,10.40,8/2/2017,11.36,11.49,11.57,8/1/2018,11.24,11.40,11.54,8/1/2019,10.02,10.20,10.36,7/31/2020,11.15,11.27,11.34,8/4/2021,19.79,19.48,19.17,8/4/2022,19.13,19.34,19.52
8/4/2016,10.14,10.29,10.43,8/3/2017,11.29,11.41,11.49,8/2/2018,11.25,11.40,11.52,8/2/2019,10.09,10.28,10.44,8/4/2020,11.13,11.28,11.35,8/5/2021,19.94,19.60,19.24,8/5/2022,19.28,19.50,19.66
8/5/2016,10.20,10.35,10.50,8/4/2017,11.35,11.47,11.56,8/3/2018,11.20,11.35,11.48,8/6/2019,10.16,10.35,10.51,8/5/2020,11.08,11.23,11.33,8/6/2021,20.23,19.89,19.52,8/8/2022,19.21,19.43,19.58
8/8/2016,10.30,10.45,10.57,8/8/2017,11.47,11.59,11.67,8/7/2018,11.40,11.54,11.67,8/7/2019,10.19,10.38,10.53,8/6/2020,11.11,11.25,11.34,8/9/2021,20.01,19.66,19.29,8/9/2022,19.37,19.59,19.74
8/9/2016,10.43,10.57,10.69,8/9/2017,11.59,11.71,11.80,8/8/2018,11.58,11.71,11.82,8/8/2019,10.26,10.45,10.60,8/7/2020,11.11,11.25,11.33,8/10/2021,19.92,19.60,19.28,8/10/2022,19.41,19.62,19.76
8/10/2016,10.45,10.58,10.72,8/10/2017,11.48,11.59,11.68,8/9/2018,11.54,11.66,11.77,8/9/2019,10.30,10.49,10.65,8/10/2020,11.08,11.21,11.30,8/11/2021,20.16,19.90,19.56,8/11/2022,19.66,19.84,19.98
8/11/2016,10.48,10.60,10.73,8/11/2017,11.50,11.61,11.69,8/10/2018,11.45,11.57,11.67,8/12/2019,10.26,10.46,10.63,8/11/2020,10.98,11.11,11.20,8/12/2021,20.04,19.79,19.46,8/12/2022,19.57,19.75,19.88
8/12/2016,10.46,10.60,10.74,8/14/2017,11.39,11.49,11.57,8/13/2018,11.45,11.58,11.70,8/13/2019,10.18,10.37,10.54,8/12/2020,11.01,11.14,11.23,8/13/2021,20.28,20.02,19.68,8/15/2022,18.97,19.17,19.32
8/15/2016,10.63,10.77,10.90,8/15/2017,11.21,11.32,11.40,8/14/2018,11.51,11.64,11.75,8/14/2019,10.21,10.38,10.53,8/13/2020,11.02,11.15,11.25,8/16/2021,20.69,20.37,19.97,8/16/2022,18.45,18.65,18.76
8/16/2016,10.56,10.70,10.84,8/16/2017,11.17,11.28,11.35,8/15/2018,11.43,11.56,11.67,8/15/2019,10.23,10.41,10.56,8/14/2020,11.00,11.14,11.24,8/17/2021,20.83,20.45,20.01,8/17/2022,18.50,18.70,18.85
8/17/2016,10.63,10.79,10.92,8/17/2017,11.34,11.44,11.51,8/16/2018,11.58,11.71,11.82,8/16/2019,10.26,10.43,10.58,8/17/2020,11.04,11.20,11.32,8/18/2021,20.52,20.20,19.77,8/18/2022,18.49,18.70,18.86
8/18/2016,10.63,10.78,10.91,8/18/2017,11.49,11.59,11.67,8/17/2018,11.59,11.72,11.83,8/19/2019,10.21,10.38,10.53,8/18/2020,11.07,11.22,11.34,8/19/2021,20.20,19.90,19.49,8/19/2022,18.56,18.75,18.89
8/19/2016,10.64,10.78,10.91,8/21/2017,11.45,11.55,11.62,8/20/2018,11.61,11.75,11.84,8/20/2019,10.24,10.41,10.55,8/19/2020,11.06,11.23,11.35,8/20/2021,19.62,19.35,18.97,8/22/2022,19.21,19.40,19.49
8/22/2016,10.67,10.82,10.93,8/22/2017,11.49,11.61,11.67,8/21/2018,11.51,11.65,11.75,8/21/2019,10.28,10.44,10.59,8/20/2020,10.95,11.13,11.26,8/23/2021,19.87,19.57,19.14,8/23/2022,19.29,19.47,19.57
8/23/2016,10.71,10.86,10.98,8/23/2017,11.52,11.63,11.70,8/22/2018,11.38,11.52,11.62,8/22/2019,10.28,10.46,10.62,8/21/2020,11.03,11.21,11.34,8/24/2021,20.37,20.04,19.58,8/24/2022,19.13,19.33,19.46
8/24/2016,10.63,10.79,10.92,8/24/2017,11.45,11.57,11.66,8/23/2018,11.26,11.41,11.51,8/23/2019,10.20,10.38,10.54,8/24/2020,11.10,11.29,11.42,8/25/2021,20.74,20.36,19.79,8/25/2022,18.91,19.10,19.25
8/25/2016,10.42,10.59,10.73,8/25/2017,11.36,11.50,11.60,8/24/2018,11.27,11.43,11.52,8/26/2019,10.17,10.35,10.51,8/25/2020,11.14,11.31,11.45,8/26/2021,20.73,20.30,19.64,8/26/2022,19.41,19.58,19.70
8/26/2016,10.43,10.59,10.74,8/28/2017,11.39,11.52,11.62,8/27/2018,11.18,11.33,11.43,8/27/2019,10.12,10.30,10.47,8/26/2020,11.19,11.38,11.52,8/27/2021,20.70,20.19,19.53,8/29/2022,19.02,19.18,19.31
8/29/2016,10.35,10.51,10.66,8/29/2017,11.31,11.46,11.60,8/28/2018,11.08,11.23,11.34,8/28/2019,10.16,10.34,10.50,8/27/2020,11.28,11.45,11.59,8/30/2021,20.45,20.04,19.49,8/30/2022,19.14,19.32,19.45
8/30/2016,10.27,10.44,10.58,8/30/2017,11.30,11.43,11.56,8/29/2018,11.14,11.29,11.40,8/29/2019,10.15,10.33,10.49,8/28/2020,11.32,11.50,11.63,8/31/2021,20.31,19.97,19.51,8/31/2022,18.95,19.15,19.31
8/31/2016,10.39,10.53,10.66,8/31/2017,11.33,11.46,11.59,8/30/2018,11.23,11.39,11.50,8/30/2019,10.16,10.34,10.51,8/31/2020,11.30,11.46,11.58,9/1/2021,20.20,19.87,19.46,9/1/2022,18.42,18.62,18.77
9/1/2016,10.48,10.63,10.75,9/1/2017,11.28,11.43,11.57,8/31/2018,11.24,11.40,11.49,9/3/2019,10.15,10.33,10.49,9/1/2020,11.36,11.54,11.68,9/2/2021,20.24,19.86,19.42,9/2/2022,18.53,18.70,18.83
9/2/2016,10.55,10.68,10.80,9/5/2017,11.28,11.43,11.58,9/4/2018,11.27,11.43,11.53,9/4/2019,10.13,10.31,10.47,9/2/2020,11.42,11.59,11.72,9/3/2021,20.10,19.71,19.26,9/6/2022,18.11,18.29,18.40
9/6/2016,10.45,10.58,10.69,9/6/2017,11.28,11.43,11.58,9/5/2018,11.26,11.43,11.54,9/5/2019,10.10,10.28,10.43,9/3/2020,11.42,11.59,11.71,9/7/2021,19.96,19.61,19.18,9/7/2022,17.84,17.99,18.10
9/7/2016,10.42,10.58,10.72,9/7/2017,11.16,11.31,11.46,9/6/2018,11.30,11.45,11.56,9/6/2019,10.04,10.22,10.38,9/4/2020,11.42,11.58,11.70,9/8/2021,19.99,19.64,19.25,9/8/2022,17.46,17.64,17.79
9/8/2016,10.51,10.66,10.80,9/8/2017,11.11,11.26,11.40,9/7/2018,11.24,11.38,11.49,9/9/2019,9.97,10.15,10.32,9/8/2020,11.59,11.74,11.85,9/9/2021,19.34,19.11,18.79,9/9/2022,17.49,17.67,17.83
9/9/2016,10.56,10.72,10.84,9/11/2017,11.02,11.17,11.33,9/10/2018,11.27,11.41,11.53,9/10/2019,9.97,10.14,10.31,9/9/2020,11.46,11.62,11.74,9/10/2021,19.36,19.14,18.87,9/12/2022,18.14,18.31,18.46
9/12/2016,10.41,10.55,10.66,9/12/2017,10.99,11.14,11.29,9/11/2018,11.19,11.34,11.47,9/11/2019,10.00,10.18,10.34,9/10/2020,11.56,11.73,11.87,9/13/2021,19.54,19.34,19.07,9/13/2022,18.18,18.36,18.52
9/13/2016,10.35,10.49,10.59,9/13/2017,11.05,11.20,11.35,9/12/2018,11.15,11.30,11.42,9/12/2019,10.14,10.32,10.49,9/11/2020,11.73,11.90,12.03,9/14/2021,19.78,19.57,19.28,9/14/2022,18.09,18.27,18.43
9/14/2016,10.38,10.53,10.63,9/14/2017,11.08,11.23,11.37,9/13/2018,11.11,11.26,11.38,9/13/2019,10.20,10.39,10.56,9/14/2020,11.87,12.03,12.16,9/15/2021,19.95,19.77,19.47,9/15/2022,17.88,18.06,18.22
9/15/2016,10.34,10.48,10.58,9/15/2017,11.09,11.24,11.37,9/14/2018,11.13,11.29,11.40,9/16/2019,10.27,10.46,10.64,9/15/2020,11.81,11.97,12.11,9/16/2021,19.86,19.67,19.38,9/16/2022,17.97,18.17,18.33
9/16/2016,10.36,10.51,10.61,9/18/2017,11.11,11.27,11.40,9/17/2018,11.09,11.24,11.36,9/17/2019,10.26,10.45,10.64,9/16/2020,12.02,12.18,12.32,9/17/2021,19.82,19.65,19.37,9/19/2022,17.84,18.04,18.20
9/19/2016,10.46,10.61,10.72,9/19/2017,11.16,11.31,11.44,9/18/2018,11.03,11.17,11.29,9/18/2019,10.26,10.45,10.64,9/17/2020,12.06,12.22,12.36,9/20/2021,19.53,19.36,19.12,9/20/2022,17.82,18.04,18.21
9/20/2016,10.65,10.81,10.96,9/20/2017,11.18,11.33,11.44,9/19/2018,11.05,11.17,11.29,9/19/2019,10.23,10.42,10.62,9/18/2020,12.05,12.21,12.36,9/21/2021,19.52,19.39,19.17,9/21/2022,18.19,18.41,18.58
9/21/2016,10.53,10.69,10.85,9/21/2017,11.16,11.32,11.42,9/20/2018,11.09,11.22,11.34,9/20/2019,10.15,10.34,10.52,9/21/2020,11.94,12.11,12.26,9/22/2021,19.67,19.51,19.31,9/22/2022,18.59,18.80,18.97
9/22/2016,10.68,10.82,10.95,9/22/2017,11.22,11.37,11.48,9/21/2018,11.11,11.26,11.40,9/23/2019,10.17,10.35,10.54,9/22/2020,11.82,11.99,12.14,9/23/2021,19.89,19.70,19.48,9/23/2022,18.57,18.78,18.94
9/23/2016,10.62,10.78,10.90,9/25/2017,11.23,11.38,11.49,9/24/2018,11.10,11.25,11.39,9/24/2019,10.19,10.38,10.57,9/23/2020,11.78,11.95,12.11,9/24/2021,20.14,19.92,19.74,9/26/2022,18.73,18.94,19.09
9/26/2016,10.60,10.76,10.88,9/26/2017,11.16,11.31,11.41,9/25/2018,11.13,11.29,11.43,9/25/2019,10.18,10.38,10.57,9/24/2020,11.59,11.74,11.89,9/27/2021,20.04,19.86,19.67,9/27/2022,18.80,19.01,19.18
9/27/2016,10.56,10.73,10.85,9/27/2017,11.17,11.32,11.43,9/26/2018,11.22,11.37,11.52,9/26/2019,10.15,10.36,10.55,9/25/2020,11.75,11.93,12.07,9/28/2021,20.09,19.84,19.62,9/28/2022,19.02,19.21,19.36
9/28/2016,10.53,10.70,10.82,9/28/2017,11.13,11.28,11.38,9/27/2018,11.30,11.46,11.60,9/27/2019,10.11,10.31,10.50,9/28/2020,11.66,11.83,11.98,9/29/2021,20.28,20.03,19.77,9/29/2022,19.32,19.51,19.67
9/29/2016,10.55,10.72,10.83,9/29/2017,11.17,11.31,11.42,9/28/2018,11.28,11.41,11.54,9/30/2019,10.24,10.44,10.62,9/29/2020,11.61,11.78,11.93,9/30/2021,20.26,19.96,19.63,10/3/2022,19.59,19.78,19.94
9/30/2016,10.51,10.68,10.79,10/2/2017,11.15,11.30,11.41,10/1/2018,11.22,11.35,11.47,10/1/2019,10.26,10.46,10.65,9/30/2020,11.80,11.98,12.14,10/1/2021,20.48,20.15,19.79,10/4/2022,19.59,19.77,19.92
10/3/2016,10.57,10.74,10.86,10/3/2017,11.18,11.33,11.45,10/2/2018,11.29,11.42,11.52,10/2/2019,10.34,10.53,10.73,10/1/2020,11.73,11.90,12.05,10/4/2021,20.57,20.23,19.88,10/5/2022,19.81,19.98,20.13
10/4/2016,10.59,10.77,10.89,10/4/2017,11.19,11.33,11.46,10/3/2018,11.32,11.43,11.54,10/3/2019,10.41,10.62,10.81,10/2/2020,11.73,11.88,12.02,10/5/2021,20.92,20.59,20.21,10/6/2022,19.66,19.84,20.01
10/5/2016,10.59,10.77,10.89,10/5/2017,11.23,11.36,11.45,10/4/2018,11.32,11.45,11.56,10/4/2019,10.45,10.65,10.85,10/5/2020,11.80,11.95,12.09,10/6/2021,20.93,20.63,20.32,10/7/2022,19.70,19.88,20.04
10/6/2016,10.61,10.79,10.91,10/6/2017,11.27,11.39,11.50,10/5/2018,11.37,11.48,11.60,10/7/2019,10.49,10.69,10.88,10/6/2020,11.92,12.05,12.19,10/7/2021,21.03,20.77,20.44,10/11/2022,19.49,19.68,19.84
10/7/2016,10.65,10.83,10.95,10/10/2017,11.23,11.34,11.45,10/9/2018,11.33,11.45,11.58,10/8/2019,10.54,10.73,10.93,10/7/2020,11.92,12.07,12.21,10/8/2021,21.02,20.77,20.47,10/12/2022,19.61,19.78,19.93
10/11/2016,10.75,10.92,11.04,10/11/2017,11.19,11.33,11.44,10/10/2018,11.27,11.39,11.53,10/9/2019,10.51,10.70,10.90,10/8/2020,11.86,12.01,12.15,10/12/2021,20.44,20.20,19.91,10/13/2022,19.74,19.91,20.06
10/12/2016,10.76,10.93,11.05,10/12/2017,11.24,11.40,11.51,10/11/2018,11.26,11.39,11.53,10/10/2019,10.42,10.62,10.82,10/9/2020,11.96,12.12,12.25,10/13/2021,20.48,20.27,19.98,10/14/2022,19.56,19.71,19.85
10/13/2016,10.89,11.07,11.19,10/13/2017,11.32,11.47,11.59,10/12/2018,11.22,11.38,11.53,10/11/2019,10.43,10.63,10.83,10/13/2020,11.91,12.07,12.21,10/14/2021,20.64,20.48,20.17,10/17/2022,19.40,19.57,19.70
10/14/2016,11.06,11.23,11.31,10/16/2017,11.30,11.46,11.57,10/15/2018,11.29,11.47,11.64,10/15/2019,10.46,10.66,10.86,10/14/2020,11.93,12.10,12.24,10/15/2021,20.76,20.57,20.22,10/18/2022,19.51,19.66,19.80
10/17/2016,11.25,11.41,11.48,10/17/2017,11.32,11.48,11.58,10/16/2018,11.17,11.34,11.50,10/16/2019,10.43,10.62,10.82,10/15/2020,11.92,12.09,12.23,10/18/2021,20.89,20.76,20.41,10/19/2022,19.72,19.74,19.82
10/18/2016,11.29,11.43,11.52,10/18/2017,11.30,11.47,11.57,10/17/2018,11.22,11.39,11.55,10/17/2019,10.36,10.56,10.76,10/16/2020,11.95,12.11,12.25,10/19/2021,21.27,21.14,20.82,10/20/2022,20.08,19.87,19.91
10/19/2016,11.44,11.60,11.69,10/19/2017,11.37,11.53,11.63,10/18/2018,11.13,11.29,11.45,10/18/2019,10.29,10.47,10.68,10/19/2020,12.09,12.16,12.28,10/20/2021,21.53,21.42,21.03,10/21/2022,20.39,19.97,20.06
10/20/2016,11.38,11.46,11.54,10/20/2017,11.39,11.58,11.71,10/19/2018,11.22,11.40,11.56,10/21/2019,10.24,10.43,10.64,10/20/2020,12.20,12.29,12.39,10/21/2021,21.26,21.03,20.69,10/24/2022,20.25,19.99,20.11
10/21/2016,11.39,11.51,11.60,10/23/2017,11.39,11.59,11.73,10/22/2018,11.15,11.33,11.50,10/22/2019,10.29,10.48,10.69,10/21/2020,12.44,12.45,12.48,10/22/2021,21.09,20.99,20.68,10/25/2022,20.34,19.66,19.79
10/24/2016,11.52,11.66,11.78,10/24/2017,11.38,11.55,11.68,10/23/2018,11.07,11.26,11.42,10/23/2019,10.30,10.49,10.70,10/22/2020,12.37,12.40,12.47,10/25/2021,21.52,21.40,21.06,10/26/2022,21.24,19.87,19.97
10/25/2016,11.50,11.65,11.77,10/25/2017,11.47,11.66,11.80,10/24/2018,10.95,11.14,11.29,10/24/2019,10.33,10.52,10.73,10/23/2020,12.47,12.50,12.54,10/26/2021,21.80,21.65,21.26,10/27/2022,20.46,19.69,19.83
10/26/2016,11.57,11.75,11.87,10/26/2017,11.52,11.71,11.85,10/25/2018,10.95,11.14,11.30,10/25/2019,10.32,10.51,10.72,10/26/2020,12.32,12.43,12.50,10/27/2021,22.30,21.79,21.29,10/28/2022,20.62,19.60,19.72
10/27/2016,11.57,11.78,11.90,10/27/2017,11.57,11.78,11.91,10/26/2018,10.96,11.15,11.31,10/28/2019,10.26,10.46,10.67,10/27/2020,12.19,12.34,12.43,10/28/2021,22.61,21.67,21.24,10/31/2022,20.96,19.94,20.06
10/28/2016,11.68,11.86,11.97,10/30/2017,11.50,11.72,11.85,10/29/2018,10.93,11.12,11.29,10/29/2019,10.24,10.45,10.66,10/28/2020,12.10,12.15,12.26,10/29/2021,24.00,21.77,21.28,11/1/2022,20.85,20.05,20.10
10/31/2016,11.74,11.85,11.94,10/31/2017,11.66,11.76,11.91,10/30/2018,10.91,11.08,11.24,10/30/2019,10.20,10.42,10.64,10/29/2020,12.07,12.23,12.34,11/1/2021,23.13,22.00,21.46,11/2/2022,20.63,20.29,20.35
11/1/2016,11.43,11.64,11.75,11/1/2017,11.67,11.82,11.97,10/31/2018,10.77,11.02,11.18,10/31/2019,10.12,10.37,10.59,10/30/2020,12.19,12.31,12.42,11/2/2021,24.17,22.47,21.86,11/3/2022,20.68,20.34,20.35
11/2/2016,11.57,11.70,11.80,11/2/2017,11.76,11.81,11.94,11/1/2018,10.94,11.10,11.27,11/1/2019,10.17,10.39,10.61,11/2/2020,12.02,12.13,12.25,11/3/2021,23.34,22.47,21.84,11/4/2022,21.01,20.38,20.31
11/3/2016,11.50,11.66,11.76,11/3/2017,11.66,11.72,11.85,11/2/2018,10.85,11.01,11.18,11/4/2019,10.26,10.48,10.70,11/3/2020,12.15,12.26,12.37,11/4/2021,22.76,22.20,21.67,11/7/2022,20.63,20.33,20.28
11/4/2016,11.37,11.53,11.64,11/6/2017,11.71,11.77,11.91,11/5/2018,10.78,10.94,11.11,11/5/2019,10.26,10.48,10.69,11/4/2020,12.27,12.38,12.48,11/5/2021,22.65,22.09,21.60,11/8/2022,20.35,20.05,20.01
11/7/2016,11.28,11.44,11.56,11/7/2017,11.74,11.80,11.95,11/6/2018,10.76,10.92,11.10,11/6/2019,10.27,10.49,10.70,11/5/2020,12.46,12.48,12.58,11/8/2021,22.73,22.17,21.65,11/9/2022,20.52,20.22,20.15
11/8/2016,11.42,11.58,11.72,11/8/2017,11.75,11.81,11.97,11/7/2018,10.79,10.95,11.13,11/7/2019,10.31,10.46,10.67,11/6/2020,12.37,12.38,12.48,11/9/2021,23.01,22.44,21.87,11/10/2022,20.33,20.03,19.91
11/9/2016,11.39,11.55,11.70,11/9/2017,11.63,11.69,11.85,11/8/2018,10.77,10.93,11.10,11/8/2019,10.36,10.51,10.73,11/9/2020,12.42,12.44,12.54,11/10/2021,23.35,22.78,22.15,11/14/2022,20.37,20.07,19.88
11/10/2016,11.50,11.66,11.81,11/10/2017,11.63,11.68,11.83,11/9/2018,10.78,10.94,11.11,11/12/2019,10.34,10.48,10.70,11/10/2020,12.64,12.66,12.74,11/12/2021,23.82,23.25,22.49,11/15/2022,20.29,20.06,20.07
11/14/2016,11.40,11.56,11.71,11/14/2017,11.57,11.63,11.79,11/13/2018,10.74,10.90,11.07,11/13/2019,10.34,10.47,10.69,11/12/2020,12.68,12.70,12.77,11/15/2021,22.97,22.20,21.37,11/16/2022,20.01,19.77,19.80
11/15/2016,11.59,11.75,11.82,11/15/2017,11.78,11.94,12.04,11/14/2018,10.68,10.85,11.01,11/14/2019,10.34,10.48,10.69,11/13/2020,12.69,12.71,12.78,11/16/2021,23.04,22.37,21.60,11/17/2022,19.54,19.27,19.30
11/16/2016,11.63,11.78,11.87,11/16/2017,11.73,11.91,12.00,11/15/2018,10.85,11.02,11.20,11/15/2019,10.49,10.69,10.88,11/16/2020,12.68,12.76,12.75,11/17/2021,22.76,22.33,21.68,11/18/2022,19.44,19.21,19.27
11/17/2016,11.70,11.85,11.93,11/17/2017,11.78,11.96,12.05,11/16/2018,10.82,11.00,11.17,11/18/2019,10.51,10.71,10.90,11/17/2020,12.78,12.83,12.83,11/18/2021,23.00,22.48,21.77,11/21/2022,19.16,19.00,19.05
11/18/2016,11.67,11.81,11.88,11/20/2017,11.70,11.89,11.98,11/19/2018,10.73,10.91,11.08,11/19/2019,10.55,10.75,10.93,11/18/2020,12.91,12.93,12.91,11/19/2021,22.81,22.26,21.56,11/22/2022,18.94,18.82,18.91
11/21/2016,11.82,11.96,12.02,11/21/2017,11.68,11.86,11.96,11/20/2018,10.82,11.01,11.19,11/20/2019,10.58,10.78,10.95,11/19/2020,12.98,12.95,12.90,11/22/2021,23.17,22.61,21.85,11/23/2022,18.80,18.67,18.75
11/22/2016,11.80,11.95,12.01,11/22/2017,11.69,11.87,11.97,11/21/2018,10.86,11.05,11.23,11/21/2019,10.51,10.71,10.89,11/20/2020,13.07,13.01,12.93,11/23/2021,23.24,22.62,21.82,11/24/2022,18.61,18.43,18.52
11/23/2016,11.97,12.14,12.24,11/23/2017,11.63,11.80,11.91,11/22/2018,10.80,11.00,11.18,11/22/2019,10.53,10.74,10.91,11/23/2020,13.25,13.15,13.08,11/24/2021,23.36,22.67,21.82,11/25/2022,18.44,18.27,18.35
11/24/2016,11.96,12.11,12.22,11/24/2017,11.59,11.78,11.89,11/23/2018,10.80,10.99,11.18,11/25/2019,10.42,10.63,10.81,11/24/2020,13.08,13.01,12.96,11/25/2021,23.44,22.72,21.86,11/28/2022,18.55,18.54,18.64
11/25/2016,11.98,12.13,12.25,11/27/2017,11.52,11.71,11.85,11/26/2018,10.70,10.90,11.09,11/26/2019,10.37,10.58,10.77,11/25/2020,13.13,13.05,12.99,11/26/2021,23.56,22.77,21.85,11/29/2022,18.96,18.93,19.01
11/28/2016,11.90,12.05,12.17,11/28/2017,11.54,11.73,11.88,11/27/2018,10.75,10.93,11.13,11/27/2019,10.40,10.61,10.80,11/26/2020,13.10,13.03,12.95,11/29/2021,23.30,22.64,21.75,11/30/2022,19.18,19.14,19.21
11/29/2016,11.78,11.94,12.05,11/29/2017,11.58,11.78,11.92,11/28/2018,10.87,11.04,11.22,11/28/2019,10.39,10.59,10.78,11/27/2020,13.22,13.14,13.06,11/30/2021,22.39,21.77,20.96,12/1/2022,18.48,18.43,18.52
11/30/2016,11.91,12.08,12.19,11/30/2017,11.56,11.76,11.90,11/29/2018,10.85,11.03,11.21,11/29/2019,10.36,10.56,10.75,11/30/2020,13.11,13.01,12.93,12/1/2021,22.55,21.94,21.10,12/2/2022,19.26,19.09,19.16
12/1/2016,11.97,12.12,12.21,12/1/2017,11.48,11.66,11.79,11/30/2018,10.87,11.03,11.21,12/2/2019,10.25,10.46,10.65,12/1/2020,13.24,13.13,13.04,12/2/2021,23.19,22.34,21.35,12/5/2022,19.48,19.28,19.37
12/2/2016,12.00,12.15,12.27,12/4/2017,11.51,11.71,11.85,12/3/2018,10.92,11.08,11.25,12/3/2019,10.27,10.48,10.66,12/2/2020,13.15,13.07,12.99,12/3/2021,23.29,22.56,21.62,12/6/2022,19.27,19.04,19.11
12/5/2016,11.96,12.09,12.19,12/5/2017,11.56,11.76,11.90,12/4/2018,10.94,11.11,11.29,12/4/2019,10.26,10.46,10.65,12/3/2020,13.36,13.24,13.12,12/6/2021,23.29,22.63,21.76,12/7/2022,19.59,19.33,19.36
12/6/2016,11.99,12.13,12.25,12/6/2017,11.52,11.72,11.87,12/5/2018,10.99,11.16,11.33,12/5/2019,10.31,10.51,10.69,12/4/2020,13.45,13.33,13.23,12/7/2021,23.22,22.54,21.74,12/8/2022,19.85,19.53,19.53
12/7/2016,12.00,12.14,12.25,12/7/2017,11.47,11.66,11.82,12/6/2018,11.02,11.19,11.36,12/6/2019,10.40,10.59,10.76,12/7/2020,13.41,13.28,13.17,12/8/2021,22.92,22.29,21.51,12/9/2022,19.79,19.53,19.48
12/8/2016,11.84,11.97,12.07,12/8/2017,11.46,11.65,11.81,12/7/2018,11.01,11.17,11.34,12/9/2019,10.41,10.62,10.79,12/8/2020,13.24,13.15,13.04,12/9/2021,22.86,22.26,21.47,12/12/2022,19.79,19.38,19.26
12/9/2016,11.77,11.90,12.00,12/11/2017,11.40,11.56,11.72,12/10/2018,11.06,11.19,11.36,12/10/2019,10.41,10.61,10.79,12/9/2020,13.33,13.23,13.14,12/10/2021,22.81,22.22,21.40,12/13/2022,19.87,19.47,19.38
12/12/2016,11.75,11.88,11.97,12/12/2017,11.34,11.52,11.68,12/11/2018,11.01,11.14,11.31,12/11/2019,10.29,10.50,10.68,12/10/2020,13.32,13.19,13.10,12/13/2021,22.90,22.32,21.49,12/14/2022,19.85,19.52,19.37
12/13/2016,11.70,11.83,11.93,12/13/2017,11.31,11.50,11.66,12/12/2018,11.00,11.15,11.31,12/12/2019,10.41,10.62,10.80,12/11/2020,13.46,13.29,13.18,12/14/2021,22.69,22.21,21.37,12/15/2022,19.69,19.48,19.33
12/14/2016,11.71,11.85,11.95,12/14/2017,11.20,11.39,11.55,12/13/2018,10.95,11.10,11.25,12/13/2019,10.46,10.66,10.85,12/14/2020,13.52,13.35,13.21,12/15/2021,22.67,22.19,21.37,12/16/2022,19.58,19.44,19.33
12/15/2016,11.76,11.92,12.02,12/15/2017,11.23,11.40,11.58,12/14/2018,10.84,11.00,11.17,12/16/2019,10.48,10.68,10.88,12/15/2020,13.65,13.46,13.31,12/16/2021,22.70,22.36,21.53,,,,
12/16/2016,11.75,11.93,12.03,12/18/2017,11.14,11.31,11.50,12/17/2018,10.85,11.01,11.17,12/17/2019,10.58,10.78,10.98,12/16/2020,13.67,13.50,13.32,12/17/2021,23.00,22.74,21.90,,,,
12/19/2016,11.74,11.92,12.03,12/19/2017,11.20,11.36,11.55,12/18/2018,10.89,11.08,11.24,12/18/2019,10.56,10.77,10.97,12/17/2020,13.95,13.80,13.57,12/20/2021,22.98,22.73,21.94,,,,
12/20/2016,11.61,11.82,11.93,12/20/2017,11.22,11.38,11.54,12/19/2018,10.90,11.08,11.25,12/19/2019,10.59,10.82,11.03,12/18/2020,14.15,14.00,13.70,12/21/2021,23.19,22.97,22.15,,,,
12/21/2016,11.60,11.81,11.94,12/21/2017,11.16,11.29,11.46,12/20/2018,10.83,11.02,11.19,12/20/2019,10.62,10.83,11.05,12/21/2020,14.39,14.19,13.87,12/22/2021,23.11,22.92,22.17,,,,
12/22/2016,11.47,11.67,11.81,12/22/2017,11.25,11.29,11.45,12/21/2018,10.77,10.99,11.17,12/23/2019,10.60,10.81,11.02,12/22/2020,14.49,14.25,13.89,12/23/2021,22.90,22.76,22.11,,,,
12/23/2016,11.46,11.64,11.77,12/27/2017,11.10,11.16,11.32,12/24/2018,10.75,10.97,11.14,12/24/2019,10.63,10.84,11.05,12/23/2020,14.15,14.08,13.84,12/28/2021,23.55,23.10,22.50,,,,
12/28/2016,11.36,11.54,11.68,12/28/2017,10.96,11.05,11.21,12/27/2018,10.75,10.97,11.16,12/27/2019,10.52,10.75,10.96,12/24/2020,14.31,14.25,13.97,12/29/2021,24.66,23.19,22.53,,,,
12/29/2016,11.25,11.42,11.58,12/29/2017,10.90,11.08,11.24,12/28/2018,10.75,10.99,11.19,12/30/2019,10.63,10.87,11.07,12/29/2020,14.46,14.42,14.15,12/30/2021,24.24,23.11,22.43,,,,
12/30/2016,11.27,11.43,11.59,,,,,12/31/2018,10.73,10.98,11.17,12/31/2019,10.60,10.84,11.06,12/30/2020,14.27,14.35,14.08,12/31/2021,22.97,22.97,22.30,,,,
,,,,,,,,,,,,,,,,12/31/2020,14.28,14.45,14.19,,,,,,,,