2016,S AB CASH 2016,PEACE CASH 2016,N AB CASH 2016,2017,S AB CASH 2017,PEACE CASH 2017,N AB CASH 2017,2018,S AB CASH 2018,PEACE CASH 2018,N AB CASH 2018,2019,S AB CASH 2019,PEACE CASH 2019,N AB CASH 2019,2020,S AB CASH 2020,PEACE CASH 2020,N AB CASH 2020,2021,S AB CASH 2021,PEACE CASH 2021,N AB CASH 2021,2022,S AB CASH 2022,PEACE CASH 2022,N AB CASH 2022
01/04/2016,10.3,10.22,10.18,01/02/2017,10.67,10.52,10.6,01/02/2018,10.69,10.4,10.58,01/01/2019,10.54,10.64,10.67,01/01/2020,10.27,10.18,10.25,01/01/2021,13.73,13.74,13.81,01/03/2022,22.77,22.56,22.8
01/05/2016,10.36,10.28,10.23,01/03/2017,10.6,10.43,10.53,01/03/2018,10.79,10.48,10.66,01/02/2019,10.67,10.64,10.75,01/02/2020,10.29,10.16,10.25,01/04/2021,13.8,13.75,13.83,01/04/2022,22.96,22.74,22.98
01/06/2016,10.42,10.28,10.31,01/04/2017,10.69,10.43,10.56,01/04/2018,10.89,10.58,10.76,01/03/2019,10.68,10.65,10.76,01/03/2020,10.24,10.12,10.2,01/05/2021,14.03,13.98,14.07,01/05/2022,23,22.76,23.01
01/07/2016,10.23,10.28,10.13,01/05/2017,10.68,10.49,10.61,01/05/2018,10.87,10.56,10.75,01/04/2019,10.61,10.58,10.69,01/06/2020,10.25,10.15,10.21,01/06/2021,14.15,14.09,14.18,01/06/2022,22.94,22.73,22.95
01/08/2016,10.3,10.28,10.13,01/06/2017,10.56,10.36,10.47,01/08/2018,10.83,10.52,10.71,01/07/2019,10.6,10.56,10.67,01/07/2020,10.31,10.2,10.26,01/07/2021,14.23,14.18,14.26,01/07/2022,23.18,22.95,23.18
01/11/2016,10.24,10.16,10.17,01/09/2017,10.64,10.36,10.54,01/09/2018,10.87,10.53,10.76,01/08/2019,10.6,10.56,10.67,01/08/2020,10.33,10.22,10.28,01/08/2021,14.42,14.38,14.46,01/10/2022,23.04,22.79,23.02
01/12/2016,10.36,10.16,10.28,01/10/2017,10.66,10.36,10.56,01/10/2018,10.8,10.46,10.69,01/09/2019,10.59,10.56,10.67,01/09/2020,10.39,10.28,10.35,01/11/2021,14.58,14.54,14.63,01/11/2022,22.95,22.77,22.96
01/13/2016,10.4,10.33,10.33,01/11/2017,10.61,10.46,10.56,01/11/2018,10.75,10.41,10.76,01/10/2019,10.54,10.46,10.59,01/10/2020,10.4,10.29,10.36,01/12/2021,14.86,14.84,14.93,01/12/2022,22.64,22.46,22.65
01/14/2016,10.45,10.35,10.37,01/12/2017,10.71,10.56,10.66,01/12/2018,10.8,10.46,10.8,01/11/2019,10.64,10.53,10.68,01/13/2020,10.38,10.27,10.34,01/13/2021,14.82,14.84,14.91,01/13/2022,21.99,21.78,21.99
01/15/2016,10.44,10.35,10.34,01/13/2017,10.66,10.56,10.56,01/15/2018,10.75,10.41,10.76,01/14/2019,10.55,10.44,10.59,01/14/2020,10.35,10.24,10.31,01/14/2021,14.89,14.9,14.97,01/14/2022,21.86,21.67,21.86
01/18/2016,10.53,10.39,10.44,01/16/2017,10.75,10.56,10.69,01/16/2018,10.72,10.38,10.73,01/15/2019,10.46,10.34,10.5,01/15/2020,10.23,10.12,10.19,01/15/2021,14.84,14.87,14.93,01/17/2022,21.72,21.51,21.72
01/19/2016,10.55,10.41,10.41,01/17/2017,10.86,10.7,10.81,01/17/2018,10.74,10.38,10.73,01/16/2019,10.54,10.43,10.58,01/16/2020,10.23,10.12,10.18,01/18/2021,14.81,14.87,14.91,01/18/2022,21.32,21.19,21.34
01/20/2016,10.44,10.41,10.34,01/18/2017,11.02,10.87,10.96,01/18/2018,10.81,10.45,10.79,01/17/2019,10.64,10.53,10.69,01/17/2020,10.33,10.22,10.29,01/19/2021,14.42,14.41,14.5,01/19/2022,22.13,21.92,22.09
01/21/2016,10.4,10.41,10.34,01/19/2017,11.07,10.87,10.98,01/19/2018,10.89,10.53,10.87,01/18/2019,10.69,10.55,10.71,01/20/2020,10.38,10.31,10.36,01/20/2021,14.11,14.08,14.16,01/20/2022,22.59,22.38,22.55
01/22/2016,10.41,10.23,10.29,01/20/2017,11.09,10.87,11.01,01/22/2018,10.84,10.48,10.82,01/21/2019,10.64,10.55,10.71,01/21/2020,10.25,10.15,10.22,01/21/2021,14.26,14.22,14.3,01/21/2022,22.6,22.35,22.56
01/25/2016,10.5,10.23,10.29,01/23/2017,11.1,10.87,11.01,01/23/2018,10.88,10.52,10.87,01/22/2019,10.72,10.57,10.74,01/22/2020,10.26,10.16,10.23,01/22/2021,14.12,14.05,14.14,01/24/2022,22,21.75,21.96
01/26/2016,10.32,10.15,10.16,01/24/2017,11.19,11.06,11.14,01/24/2018,10.86,10.51,10.85,01/23/2019,10.72,10.58,10.74,01/23/2020,10.2,10.13,10.18,01/25/2021,14.6,14.48,14.65,01/25/2022,21.99,21.77,21.98
01/27/2016,10.41,10.24,10.3,01/25/2017,11.17,11.04,11.1,01/25/2018,10.89,10.53,10.88,01/24/2019,10.77,10.61,10.79,01/24/2020,10.07,9.96,10.04,01/26/2021,14.7,14.59,14.74,01/26/2022,22.01,21.77,21.99
01/28/2016,10.34,10.17,10.23,01/26/2017,11.11,11.04,11.02,01/26/2018,10.84,10.48,10.83,01/25/2019,10.8,10.63,10.81,01/27/2020,9.9,9.79,9.86,01/27/2021,15.07,14.97,15.12,01/27/2022,22.29,22.07,22.28
01/29/2016,10.28,10.1,10.13,01/27/2017,11.06,11.04,10.97,01/29/2018,10.88,10.53,10.87,01/28/2019,10.77,10.6,10.78,01/28/2020,9.9,9.78,9.85,01/28/2021,14.73,14.61,14.75,01/28/2022,22.53,22.37,22.57
02/01/2016,10.24,10.13,10.13,01/30/2017,10.9,11.04,10.81,01/30/2018,11.03,10.67,11.05,01/29/2019,10.72,10.55,10.73,01/29/2020,9.91,9.79,9.87,01/29/2021,14.72,14.55,14.71,01/31/2022,22.26,22.08,22.29
02/02/2016,10.39,10.16,10.17,01/31/2017,10.82,11.04,10.73,01/31/2018,11,10.64,11.02,01/30/2019,10.7,10.53,10.71,01/30/2020,9.78,9.67,9.75,02/01/2021,15.05,14.9,15.04,02/01/2022,22.51,22.22,22.51
02/03/2016,10.33,10.14,10.14,02/01/2017,11.02,10.84,10.92,02/01/2018,10.98,10.67,10.99,01/31/2019,10.65,10.5,10.66,01/31/2020,9.66,9.54,9.62,02/02/2021,15.07,14.92,15.07,02/02/2022,22.51,22.24,22.53
02/04/2016,10.28,10.14,10.14,02/02/2017,11.11,10.84,10.96,02/02/2018,10.97,10.66,10.98,02/01/2019,10.69,10.53,10.7,02/03/2020,9.79,9.69,9.77,02/03/2021,14.96,14.89,14.99,02/03/2022,22.53,22.27,22.56
02/05/2016,10.28,10.14,10.14,02/03/2017,11.04,10.86,10.94,02/05/2018,10.99,10.67,11,02/04/2019,10.71,10.55,10.72,02/04/2020,9.85,9.75,9.83,02/04/2021,14.88,14.85,14.95,02/04/2022,22.4,22.16,22.44
02/08/2016,10.19,10,10,02/06/2017,11.14,10.95,11.03,02/06/2018,11.08,10.79,11.12,02/05/2019,10.69,10.53,10.7,02/05/2020,10,9.9,9.98,02/05/2021,14.93,14.84,14.94,02/07/2022,22.65,22.35,22.66
02/09/2016,10.1,9.88,9.9,02/07/2017,11.22,11.03,11.11,02/07/2018,11.03,10.74,11.06,02/06/2019,10.74,10.59,10.76,02/06/2020,9.99,9.89,9.97,02/08/2021,15.1,15.01,15.11,02/08/2022,22.48,22.2,22.5
02/10/2016,10.15,9.93,9.94,02/08/2017,11.32,11.1,11.2,02/08/2018,11.05,10.75,11.07,02/07/2019,10.71,10.58,10.74,02/07/2020,9.99,9.89,9.97,02/09/2021,15.22,15.17,15.27,02/09/2022,22.53,22.22,22.52
02/11/2016,10.27,9.93,10.09,02/09/2017,11.39,11.1,11.25,02/09/2018,11.03,10.73,11.05,02/08/2019,10.67,10.53,10.7,02/10/2020,9.97,9.87,9.95,02/10/2021,15.09,15,15.1,02/10/2022,22.15,21.76,22.09
02/12/2016,10.27,10.08,10.09,02/10/2017,11.4,11.1,11.27,02/12/2018,11.13,10.84,11.15,02/11/2019,10.6,10.46,10.63,02/11/2020,9.95,9.85,9.93,02/11/2021,15.27,15.26,15.33,02/11/2022,22.02,21.63,21.92
02/16/2016,10.28,10.06,10.07,02/13/2017,11.34,11.1,11.2,02/13/2018,11.15,10.87,11.17,02/12/2019,10.68,10.48,10.68,02/12/2020,10.04,9.93,10.02,02/12/2021,15.5,15.47,15.54,02/14/2022,21.89,21.49,21.79
02/17/2016,10.22,9.98,10.03,02/14/2017,11.25,11.1,11.12,02/14/2018,11.15,10.86,11.16,02/13/2019,10.65,10.47,10.66,02/13/2020,10.04,9.94,10.02,02/15/2021,15.37,15.37,15.43,02/15/2022,21.82,21.44,21.73
02/18/2016,10.16,9.97,10,02/15/2017,11.31,11.1,11.19,02/15/2018,11.12,10.84,11.15,02/14/2019,10.61,10.43,10.62,02/14/2020,9.96,9.86,9.94,02/16/2021,15.57,15.5,15.58,02/16/2022,22.05,21.67,21.96
02/19/2016,10.27,10.22,10.21,02/16/2017,11.25,11.1,11.13,02/16/2018,11.15,10.87,11.17,02/15/2019,10.54,10.37,10.55,02/17/2020,9.99,9.92,9.99,02/17/2021,15.73,15.64,15.72,02/17/2022,22.06,21.65,21.95
02/22/2016,10.33,10.37,10.25,02/17/2017,11.16,11.1,11.04,02/20/2018,11.13,10.93,11.23,02/19/2019,10.48,10.31,10.49,02/18/2020,9.99,9.9,9.98,02/18/2021,16.01,15.94,16.02,02/18/2022,22.26,21.88,22.17
02/23/2016,10.16,10.14,10.01,02/21/2017,11.14,11.1,11.03,02/21/2018,11.2,11,11.31,02/20/2019,10.43,10.25,10.44,02/19/2020,9.92,9.83,9.91,02/19/2021,16.1,16.05,16.12,02/21/2022,22.49,22.3,22.6
02/24/2016,10.24,10.18,10.08,02/22/2017,11.14,10.95,11.08,02/22/2018,11.27,11.04,11.27,02/21/2019,10.5,10.32,10.51,02/20/2020,9.92,9.83,9.91,02/22/2021,16.36,16.41,16.44,02/22/2022,22.55,22.25,22.49
02/25/2016,9.92,9.94,9.8,02/23/2017,11.01,10.82,10.95,02/23/2018,11.28,11.05,11.28,02/22/2019,10.49,10.3,10.5,02/21/2020,9.92,9.81,9.9,02/23/2021,17.06,17,17.08,02/23/2022,22.63,22.41,22.58
02/26/2016,9.9,9.89,9.78,02/24/2017,10.99,10.81,10.93,02/26/2018,11.4,11.17,11.39,02/25/2019,10.41,10.23,10.42,02/24/2020,9.74,9.64,9.73,02/24/2021,16.85,16.83,16.89,02/24/2022,22.77,22.53,22.66
02/29/2016,9.85,9.85,9.74,02/27/2017,10.99,10.81,10.94,02/27/2018,11.4,11.19,11.4,02/26/2019,10.34,10.15,10.35,02/25/2020,9.71,9.61,9.7,02/25/2021,16.18,16.13,16.2,02/25/2022,21.54,21.27,21.4
03/01/2016,9.76,9.76,9.65,02/28/2017,11.11,10.93,11.06,02/28/2018,11.46,11.23,11.45,02/27/2019,10.32,10.12,10.32,02/26/2020,9.69,9.58,9.68,02/26/2021,16.23,16.17,16.23,02/28/2022,22.21,21.95,22.04
03/02/2016,9.92,9.89,9.65,03/01/2017,11.49,11.32,11.42,03/01/2018,11.49,11.29,11.51,02/28/2019,10.24,10.03,10.23,02/27/2020,9.7,9.59,9.68,03/01/2021,16.44,16.39,16.49,03/01/2022,23.37,23.04,23.22
03/03/2016,9.92,9.91,9.65,03/02/2017,11.4,11.25,11.34,03/02/2018,11.52,11.31,11.5,03/01/2019,10.14,9.96,10.15,02/28/2020,9.66,9.53,9.63,03/02/2021,16.74,16.7,16.8,03/02/2022,23.09,22.8,22.98
03/04/2016,9.98,9.91,9.65,03/03/2017,11.49,11.33,11.42,03/05/2018,11.58,11.37,11.56,03/04/2019,10.2,10.04,10.26,03/02/2020,9.89,9.78,9.86,03/03/2021,17.04,17,17.1,03/03/2022,23.57,23.26,23.44
03/07/2016,10.05,9.91,9.89,03/06/2017,11.49,11.34,11.43,03/06/2018,11.5,11.29,11.48,03/05/2019,10.09,9.93,10.15,03/03/2020,10.04,9.9,9.98,03/04/2021,17.31,17.33,17.4,03/04/2022,23.36,23.04,23.27
03/08/2016,10.05,10.01,9.9,03/07/2017,11.3,11.15,11.24,03/07/2018,11.4,11.2,11.37,03/06/2019,10.01,9.87,10.08,03/04/2020,10,9.9,9.99,03/05/2021,17.4,17.48,17.54,03/07/2022,23.83,23.5,23.73
03/09/2016,10.02,9.96,9.86,03/08/2017,11.36,11.2,11.29,03/08/2018,11.39,11.19,11.36,03/07/2019,10.03,9.88,10.09,03/05/2020,9.92,9.82,9.91,03/08/2021,17.64,17.66,17.73,03/08/2022,24.3,23.94,24.2
03/10/2016,10.25,10.1,10.09,03/09/2017,11.36,11.21,11.3,03/09/2018,11.23,11.04,11.2,03/08/2019,10.06,9.91,10.12,03/06/2020,9.83,9.73,9.82,03/09/2021,17.63,17.65,17.73,03/09/2022,24.56,24.11,24.45
03/11/2016,10.28,10.08,10.09,03/10/2017,11.28,11.13,11.21,03/12/2018,11.17,10.97,11.14,03/11/2019,10.02,9.88,10.09,03/09/2020,9.73,9.63,9.72,03/10/2021,17.2,17.23,17.31,03/10/2022,24.67,24.18,24.63
03/14/2016,10.29,10.14,10.14,03/13/2017,11.17,11.02,11.11,03/13/2018,11.36,11.16,11.33,03/12/2019,10.08,9.94,10.14,03/10/2020,9.86,9.76,9.85,03/11/2021,17.73,17.77,17.85,03/11/2022,24.72,24.23,24.68
03/15/2016,10.32,10.2,10.17,03/14/2017,11.09,10.94,11.03,03/14/2018,11.31,11.1,11.27,03/13/2019,10.07,9.89,10.11,03/11/2020,9.85,9.75,9.83,03/12/2021,17.74,17.71,17.82,03/14/2022,24.5,24.01,24.46
03/16/2016,10.4,10.39,10.24,03/15/2017,11.06,10.86,10.95,03/15/2018,11.39,11.19,11.36,03/14/2019,10.13,9.96,10.18,03/12/2020,9.65,9.54,9.63,03/15/2021,17.67,17.61,17.73,03/15/2022,24.45,23.95,24.4
03/17/2016,10.29,10.28,10.19,03/16/2017,10.97,10.74,10.84,03/16/2018,11.4,11.21,11.38,03/15/2019,10.22,10.04,10.26,03/13/2020,9.71,9.6,9.69,03/16/2021,17.52,17.47,17.58,03/16/2022,24.33,23.82,24.27
03/18/2016,10.3,10.29,10.2,03/17/2017,10.92,10.7,10.79,03/19/2018,11.28,11.09,11.26,03/18/2019,10.25,10.07,10.29,03/16/2020,9.58,9.47,9.56,03/17/2021,17.19,17.11,17.23,03/17/2022,24.66,24.19,24.63
03/21/2016,10.38,10.38,10.29,03/20/2017,10.96,10.74,10.83,03/20/2018,11.33,11.15,11.32,03/19/2019,10.21,10.03,10.25,03/17/2020,9.7,9.59,9.68,03/18/2021,16.6,16.55,16.66,03/18/2022,24.51,24.07,24.5
03/22/2016,10.46,10.46,10.37,03/21/2017,10.94,10.72,10.82,03/21/2018,11.36,11.17,11.34,03/20/2019,10.22,10.04,10.26,03/18/2020,9.79,9.69,9.77,03/19/2021,17.09,17.05,17.15,03/21/2022,24.52,24.08,24.5
03/23/2016,10.39,10.38,10.29,03/22/2017,10.87,10.65,10.74,03/22/2018,11.32,11.13,11.3,03/21/2019,10.3,10.11,10.34,03/19/2020,9.92,9.81,9.9,03/22/2021,17.43,17.37,17.47,03/22/2022,25.11,24.63,25.09
03/24/2016,10.42,10.41,10.32,03/23/2017,10.6,10.39,10.48,03/23/2018,11.35,11.16,11.34,03/22/2019,9.94,9.79,10,03/20/2020,9.9,9.79,9.88,03/23/2021,17.13,17.08,17.18,03/23/2022,24.75,24.31,24.75
03/28/2016,10.51,10.49,10.4,03/24/2017,10.47,10.26,10.35,03/26/2018,11.4,11.21,11.38,03/25/2019,10.04,9.85,10.08,03/23/2020,10.02,9.92,10,03/24/2021,17.37,17.37,17.45,03/24/2022,24.98,24.55,25
03/29/2016,10.59,10.57,10.48,03/27/2017,10.71,10.58,10.65,03/27/2018,11.41,11.22,11.39,03/26/2019,9.84,9.69,9.9,03/24/2020,10.03,9.92,10.01,03/25/2021,17.19,17.14,17.22,03/25/2022,24.77,24.32,24.77
03/30/2016,10.5,10.49,10.4,03/28/2017,10.91,10.79,10.86,03/28/2018,11.39,11.19,11.36,03/27/2019,9.8,9.64,9.86,03/25/2020,9.98,9.88,9.96,03/26/2021,16.55,16.48,16.57,03/28/2022,24.87,24.41,24.86
03/31/2016,10.54,10.53,10.44,03/29/2017,10.87,10.75,10.82,03/29/2018,11.41,11.21,11.38,03/28/2019,9.89,9.73,9.94,03/26/2020,9.92,9.85,9.89,03/29/2021,16.7,16.62,16.71,03/29/2022,24.67,24.21,24.66
04/01/2016,10.63,10.51,10.52,03/30/2017,10.72,10.6,10.67,04/02/2018,11.65,11.36,11.64,03/29/2019,9.89,9.73,9.94,03/27/2020,9.92,9.85,9.89,03/30/2021,16.13,15.96,16.09,03/30/2022,24.65,24.2,24.65
04/04/2016,10.69,10.56,10.57,03/31/2017,10.65,10.53,10.6,04/03/2018,11.69,11.4,11.67,04/01/2019,10.01,9.84,10.02,03/30/2020,10.03,9.96,10,03/31/2021,16.81,16.65,16.77,03/31/2022,24.44,24.15,24.42
04/05/2016,10.69,10.54,10.55,04/03/2017,10.73,10.58,10.66,04/04/2018,11.73,11.44,11.72,04/02/2019,10.06,9.89,10.07,03/31/2020,10.06,9.99,10.03,04/01/2021,16.53,16.3,16.46,04/01/2022,24.92,24.71,25.04
04/06/2016,10.71,10.54,10.55,04/04/2017,10.76,10.61,10.69,04/05/2018,11.75,11.45,11.74,04/03/2019,9.96,9.82,9.98,04/01/2020,10.12,10.1,10.12,04/02/2021,16.44,16.17,16.33,04/04/2022,25.48,25.33,25.61
04/07/2016,10.75,10.58,10.59,04/05/2017,10.85,10.69,10.78,04/06/2018,11.82,11.52,11.8,04/04/2019,10.02,9.88,10.03,04/02/2020,10.1,10.06,10.09,04/05/2021,17.13,16.89,17.06,04/05/2022,25.26,24.98,25.33
04/08/2016,10.71,10.53,10.54,04/06/2017,10.77,10.61,10.69,04/09/2018,11.8,11.5,11.78,04/05/2019,10.01,9.86,10.02,04/03/2020,10.05,10.01,10.04,04/06/2021,17.45,17.23,17.4,04/06/2022,25.1,24.82,25.18
04/11/2016,10.7,10.52,10.53,04/07/2017,10.84,10.69,10.77,04/10/2018,11.71,11.41,11.69,04/08/2019,9.94,9.8,9.95,04/06/2020,10.08,10.04,10.06,04/07/2021,17.73,17.52,17.68,04/07/2022,25.41,25.16,25.48
04/12/2016,10.57,10.39,10.4,04/10/2017,10.86,10.7,10.79,04/11/2018,11.62,11.33,11.61,04/09/2019,9.96,9.82,9.97,04/07/2020,10.03,9.99,10.01,04/08/2021,17.47,17.08,17.28,04/08/2022,25.63,25.39,25.71
04/13/2016,10.7,10.52,10.53,04/11/2017,10.96,10.81,10.9,04/12/2018,11.66,11.36,11.64,04/10/2019,9.98,9.83,9.99,04/08/2020,10.1,10.07,10.1,04/09/2021,17.3,16.92,17.12,04/11/2022,25.69,25.44,25.76
04/14/2016,10.71,10.55,10.55,04/12/2017,10.95,10.82,10.91,04/13/2018,11.64,11.33,11.62,04/11/2019,10.01,9.84,9.99,04/09/2020,10.13,10.1,10.13,04/12/2021,17.16,16.85,16.99,04/12/2022,25.47,25.19,25.52
04/15/2016,10.61,10.48,10.48,04/13/2017,11.06,10.93,11.02,04/16/2018,11.59,11.29,11.57,04/12/2019,10.01,9.84,9.99,04/10/2020,10.17,10.18,10.19,04/13/2021,17.36,17.06,17.19,04/13/2022,25.45,25.19,25.5
04/18/2016,10.65,10.53,10.53,04/17/2017,11.23,11.21,11.19,04/17/2018,11.6,11.3,11.58,04/15/2019,10,9.82,9.98,04/13/2020,10.05,10.02,10.04,04/14/2021,17.59,17.34,17.44,04/14/2022,25.49,25.14,25.5
04/19/2016,10.77,10.65,10.65,04/18/2017,11.26,11.25,11.26,04/18/2018,11.7,11.4,11.69,04/16/2019,9.98,9.81,9.97,04/14/2020,9.99,9.96,9.99,04/15/2021,17.66,17.35,17.49,04/15/2022,25.44,25.14,25.47
04/20/2016,10.89,10.77,10.76,04/19/2017,11.38,11.25,11.32,04/19/2018,11.87,11.58,11.86,04/17/2019,9.92,9.73,9.89,04/15/2020,10.04,10.01,10.04,04/16/2021,17.79,17.52,17.64,04/18/2022,25.68,25.36,25.72
04/21/2016,11.01,10.89,10.89,04/20/2017,11.46,11.45,11.46,04/20/2018,11.87,11.57,11.86,04/18/2019,9.87,9.66,9.84,04/16/2020,10.01,9.98,10.01,04/19/2021,17.96,17.62,17.78,04/19/2022,25.59,25.27,25.64
04/22/2016,10.89,10.77,10.76,04/21/2017,11.64,11.55,11.56,04/23/2018,11.91,11.57,11.94,04/19/2019,9.88,9.66,9.87,04/17/2020,9.98,9.95,9.98,04/20/2021,18.63,18.3,18.45,04/20/2022,25.49,25.17,25.53
04/25/2016,11.01,10.88,10.88,04/24/2017,11.72,11.63,11.64,04/24/2018,11.9,11.61,11.9,04/22/2019,9.73,9.53,9.7,04/20/2020,9.91,9.88,9.91,04/21/2021,18.67,18.46,18.63,04/21/2022,25.81,25.49,25.85
04/26/2016,11.11,10.95,10.99,04/25/2017,11.67,11.58,11.58,04/25/2018,11.88,11.59,11.87,04/23/2019,9.59,9.39,9.56,04/21/2020,9.88,9.85,9.88,04/22/2021,19.07,18.75,18.94,04/22/2022,26.06,25.71,26.08
04/27/2016,11.06,10.9,10.94,04/26/2017,11.69,11.61,11.61,04/26/2018,11.83,11.53,11.81,04/24/2019,9.66,9.47,9.64,04/22/2020,9.92,9.89,9.92,04/23/2021,18.94,18.62,18.81,04/25/2022,25.95,25.61,25.97
04/28/2016,11.04,10.87,10.92,04/27/2017,11.65,11.57,11.56,04/27/2018,11.82,11.53,11.81,04/25/2019,9.74,9.54,9.71,04/23/2020,9.99,9.94,9.98,04/26/2021,19.25,18.93,19.1,04/26/2022,26.5,26.19,26.51
04/29/2016,11.11,10.95,10.99,04/28/2017,11.55,11.48,11.47,04/30/2018,11.84,11.55,11.84,04/26/2019,9.62,9.43,9.6,04/24/2020,9.96,9.92,9.95,04/27/2021,19.14,18.86,19.01,04/27/2022,26.8,26.47,26.79
05/02/2016,11.15,10.99,11.01,05/01/2017,11.55,11.45,11.46,05/01/2018,11.8,11.51,11.79,04/29/2019,9.59,9.4,9.57,04/27/2020,10,9.97,10,04/28/2021,19.06,18.77,18.91,04/28/2022,26.75,26.43,26.76
05/03/2016,11.24,11.08,11.1,05/02/2017,11.64,11.52,11.53,05/02/2018,11.77,11.49,11.76,04/30/2019,9.51,9.31,9.49,04/28/2020,10.03,10,10.03,04/29/2021,19.24,18.94,19.08,04/29/2022,26.3,26.01,26.32
05/04/2016,11.16,10.95,10.99,05/03/2017,11.7,11.59,11.61,05/03/2018,11.76,11.47,11.74,05/01/2019,9.49,9.25,9.45,04/29/2020,10.05,10.01,10.04,04/30/2021,19.85,19.56,19.7,05/02/2022,25.54,25.31,25.66
05/05/2016,11.1,10.89,10.93,05/04/2017,11.72,11.61,11.62,05/04/2018,11.74,11.44,11.72,05/02/2019,9.43,9.17,9.37,04/30/2020,10.12,10.09,10.12,05/03/2021,19.78,19.48,19.64,05/03/2022,25.01,24.66,25.02
05/06/2016,11.35,11.13,11.17,05/05/2017,11.77,11.66,11.67,05/07/2018,11.69,11.39,11.67,05/03/2019,9.42,9.17,9.36,05/01/2020,10.21,10.2,10.21,05/04/2021,20.25,20.06,20.21,05/04/2022,25.28,24.95,25.32
05/09/2016,11.4,11.22,11.25,05/08/2017,11.78,11.68,11.69,05/08/2018,11.77,11.48,11.75,05/06/2019,9.42,9.17,9.37,05/04/2020,10.15,10.14,10.16,05/05/2021,21.31,21.01,21.15,05/05/2022,25.53,25.21,25.53
05/10/2016,11.7,11.55,11.57,05/09/2017,11.85,11.75,11.76,05/09/2018,11.82,11.52,11.79,05/07/2019,9.59,9.3,9.51,05/05/2020,10.16,10.16,10.17,05/06/2021,21.77,21.59,21.71,05/06/2022,25.46,25.23,25.52
05/11/2016,11.3,11.17,11.18,05/10/2017,11.72,11.64,11.65,05/10/2018,11.88,11.58,11.86,05/08/2019,9.54,9.29,9.49,05/06/2020,10.19,10.18,10.19,05/07/2021,22.58,22.4,22.51,05/09/2022,25.52,25.22,25.54
05/12/2016,11.05,10.93,10.94,05/11/2017,11.66,11.56,11.58,05/11/2018,11.86,11.56,11.84,05/09/2019,9.53,9.27,9.47,05/07/2020,10.23,10.23,10.23,05/10/2021,21.95,21.58,21.74,05/10/2022,25.05,24.73,25.07
05/13/2016,11.26,11.14,11.15,05/12/2017,11.74,11.62,11.64,05/14/2018,11.86,11.56,11.83,05/10/2019,9.5,9.25,9.45,05/08/2020,10.28,10.26,10.26,05/11/2021,20.94,20.81,20.84,05/11/2022,25.42,25.11,25.44
05/16/2016,11.26,11.14,11.15,05/15/2017,11.76,11.65,11.67,05/15/2018,11.89,11.59,11.86,05/13/2019,9.57,9.29,9.5,05/11/2020,10.33,10.32,10.33,05/12/2021,19.71,19.68,19.68,05/12/2022,25.36,25.02,25.37
05/17/2016,11.29,11.16,11.17,05/16/2017,11.79,11.67,11.69,05/16/2018,11.79,11.49,11.77,05/14/2019,9.63,9.43,9.62,05/12/2020,10.36,10.34,10.35,05/13/2021,18.59,18.57,18.59,05/13/2022,26.01,25.68,26.03
05/18/2016,11.4,11.28,11.28,05/17/2017,11.86,11.75,11.76,05/17/2018,11.86,11.57,11.84,05/15/2019,9.67,9.42,9.62,05/13/2020,10.34,10.32,10.33,05/14/2021,18.85,18.92,18.93,05/16/2022,26.36,26.01,26.37
05/19/2016,11.42,11.29,11.29,05/18/2017,11.75,11.66,11.67,05/18/2018,11.86,11.58,11.84,05/16/2019,9.81,9.56,9.76,05/14/2020,10.33,10.3,10.31,05/17/2021,19.49,19.7,19.67,05/17/2022,26.2,25.87,26.23
05/20/2016,11.47,11.34,11.34,05/19/2017,11.75,11.63,11.65,05/21/2018,11.85,11.58,11.86,05/17/2019,9.72,9.47,9.67,05/15/2020,10.36,10.34,10.35,05/18/2021,19.91,20.19,20.15,05/18/2022,25.43,25.06,25.41
05/24/2016,11.34,11.2,11.2,05/23/2017,11.8,11.68,11.7,05/22/2018,11.87,11.58,11.85,05/21/2019,9.64,9.37,9.58,05/18/2020,10.39,10.42,10.41,05/19/2021,19.77,20.01,19.98,05/19/2022,25.36,25.02,25.37
05/25/2016,11.44,11.3,11.3,05/24/2017,11.8,11.7,11.72,05/23/2018,11.93,11.64,11.9,05/22/2019,9.73,9.44,9.67,05/19/2020,10.35,10.34,10.35,05/20/2021,19.4,19.58,19.58,05/20/2022,25.78,25.5,25.8
05/26/2016,11.22,11.08,11.07,05/25/2017,11.73,11.64,11.65,05/24/2018,12.01,11.73,11.99,05/23/2019,9.65,9.35,9.57,05/20/2020,10.35,10.35,10.36,05/21/2021,18.11,18.14,18.12,05/23/2022,25.78,25.5,25.8
05/27/2016,11.12,10.98,10.97,05/26/2017,11.65,11.56,11.57,05/25/2018,11.99,11.7,11.97,05/24/2019,9.71,9.41,9.63,05/21/2020,10.23,10.23,10.23,05/24/2021,17.83,17.89,17.83,05/24/2022,26.17,25.83,26.18
05/30/2016,11.11,10.97,10.95,05/29/2017,11.56,11.46,11.48,05/28/2018,11.95,11.66,11.93,05/27/2019,9.74,9.41,9.68,05/22/2020,10.15,10.14,10.16,05/25/2021,17.65,17.96,17.85,05/25/2022,25.44,25.1,25.45
05/31/2016,11.07,10.93,10.91,05/30/2017,11.32,11.21,11.23,05/29/2018,11.98,11.7,11.96,05/28/2019,9.85,9.56,9.78,05/25/2020,10.11,10.15,10.13,05/26/2021,17.47,17.74,17.65,05/26/2022,26.01,25.67,26.02
06/01/2016,11.21,11.01,11.01,05/31/2017,11.28,11.18,11.2,05/30/2018,11.93,11.65,11.91,05/29/2019,9.99,9.68,9.91,05/26/2020,10.19,10.17,10.19,05/27/2021,18.03,18.31,18.22,05/27/2022,26.22,25.87,26.23
06/02/2016,11.25,11.05,11.04,06/01/2017,11.1,11.08,11.09,05/31/2018,11.89,11.61,11.88,05/30/2019,10.01,9.7,9.93,05/27/2020,10.16,10.14,10.16,05/28/2021,18.01,18.3,18.2,05/30/2022,26.17,25.84,26.18
06/03/2016,11.1,10.9,10.89,06/02/2017,11.19,11.14,11.17,06/01/2018,11.8,11.51,11.79,05/31/2019,10.04,9.74,9.97,05/28/2020,10.1,10.08,10.09,05/31/2021,17.86,18.01,17.94,05/31/2022,26.35,26.26,26.39
06/06/2016,11.17,10.97,10.96,06/05/2017,11.35,11.28,11.3,06/04/2018,11.69,11.39,11.68,06/03/2019,9.93,9.65,9.87,05/29/2020,10.1,10.09,10.1,06/01/2021,18.34,18.7,18.64,06/01/2022,25.35,25.07,25.44
06/07/2016,11.2,10.99,10.98,06/06/2017,11.4,11.36,11.38,06/05/2018,11.69,11.41,11.67,06/04/2019,9.88,9.6,9.82,06/01/2020,9.98,9.96,9.99,06/02/2021,18.59,18.95,18.89,06/02/2022,25.06,24.79,25.16
06/08/2016,11.37,11.16,11.16,06/07/2017,11.4,11.36,11.38,06/06/2018,11.66,11.37,11.64,06/05/2019,9.81,9.53,9.75,06/02/2020,10.05,10.02,10.05,06/03/2021,18.58,18.71,18.79,06/03/2022,24.4,24.26,24.54
06/09/2016,11.32,11.11,11.11,06/08/2017,11.47,11.41,11.44,06/07/2018,11.58,11.29,11.56,06/06/2019,9.88,9.66,9.84,06/03/2020,10.08,10.05,10.08,06/04/2021,19,19.12,19.2,06/06/2022,24.67,24.45,24.78
06/10/2016,11.34,11.13,11.12,06/09/2017,11.51,11.47,11.49,06/08/2018,11.52,11.23,11.5,06/07/2019,9.83,9.62,9.79,06/04/2020,10.17,10.11,10.16,06/07/2021,19.02,19.06,19.19,06/07/2022,24.51,24.31,24.63
06/13/2016,11.41,11.2,11.2,06/12/2017,11.6,11.48,11.5,06/11/2018,11.5,11.21,11.48,06/10/2019,9.86,9.63,9.81,06/05/2020,10.22,10.17,10.21,06/08/2021,18.93,18.93,19.1,06/08/2022,24.89,24.7,25.01
06/14/2016,11.41,11.2,11.2,06/13/2017,11.53,11.4,11.42,06/12/2018,11.51,11.22,11.49,06/11/2019,9.88,9.66,9.84,06/08/2020,10.2,10.14,10.19,06/09/2021,18.81,18.71,18.86,06/09/2022,24.71,24.47,24.77
06/15/2016,11.3,11.09,11.09,06/14/2017,11.53,11.4,11.43,06/13/2018,11.45,11.16,11.43,06/12/2019,9.94,9.72,9.89,06/09/2020,10.25,10.21,10.25,06/10/2021,18.52,18.61,18.73,06/10/2022,24.14,23.79,24.11
06/16/2016,11.04,10.82,10.82,06/15/2017,11.57,11.43,11.47,06/14/2018,11.52,11.22,11.49,06/13/2019,9.94,9.73,9.9,06/10/2020,10.26,10.21,10.25,06/11/2021,18.21,18.37,18.46,06/13/2022,23.76,23.44,23.76
06/17/2016,11.05,10.86,10.86,06/16/2017,11.08,10.97,11.09,06/15/2018,11.58,11.29,11.56,06/14/2019,10.01,9.87,10.01,06/11/2020,10.26,10.21,10.25,06/14/2021,17.81,17.98,18.06,06/14/2022,24.09,23.78,24.09
06/20/2016,10.8,10.6,10.6,06/19/2017,11.11,10.99,11.11,06/18/2018,11.4,11.21,11.44,06/17/2019,10.17,10.06,10.17,06/12/2020,10.29,10.25,10.29,06/15/2021,17.71,17.86,17.95,06/15/2022,23.76,23.52,23.84
06/21/2016,10.47,10.27,10.27,06/20/2017,10.92,10.87,10.95,06/19/2018,11.36,11.18,11.41,06/18/2019,10.18,10.08,10.19,06/15/2020,10.3,10.25,10.29,06/16/2021,17.07,17.22,17.32,06/16/2022,23.41,23.17,23.49
06/22/2016,10.4,10.19,10.19,06/21/2017,10.89,10.78,10.91,06/20/2018,11.4,11.22,11.45,06/19/2019,10.03,9.92,10.03,06/16/2020,10.33,10.28,10.32,06/17/2021,16.02,16.09,16.22,06/17/2022,22.85,22.64,22.95
06/23/2016,10.26,10.04,10.05,06/22/2017,10.79,10.69,10.81,06/21/2018,11.5,11.32,11.54,06/20/2019,10.04,9.94,10.05,06/17/2020,10.33,10.29,10.32,06/18/2021,16.5,16.59,16.71,06/20/2022,21.95,21.79,22.09
06/24/2016,10.15,10,9.97,06/23/2017,10.85,10.75,10.88,06/22/2018,11.52,11.34,11.56,06/21/2019,9.99,9.89,10,06/18/2020,10.34,10.31,10.34,06/21/2021,16.55,16.59,16.74,06/21/2022,21.75,21.59,21.88
06/27/2016,10.3,10.15,10.12,06/26/2017,10.82,10.73,10.85,06/25/2018,11.43,11.25,11.47,06/24/2019,9.94,9.84,9.95,06/19/2020,10.39,10.36,10.39,06/22/2021,16.61,16.61,16.78,06/22/2022,20.75,20.61,20.9
06/28/2016,10.35,10.2,10.17,06/27/2017,10.84,10.82,10.9,06/26/2018,11.33,11.21,11.41,06/25/2019,9.74,9.64,9.75,06/22/2020,10.37,10.34,10.37,06/23/2021,17.27,17.27,17.43,06/23/2022,19.08,18.95,19.25
06/29/2016,10.41,10.26,10.24,06/28/2017,10.95,10.94,11.01,06/27/2018,11.43,11.3,11.5,06/26/2019,9.72,9.63,9.74,06/23/2020,10.31,10.28,10.32,06/24/2021,17.41,17.51,17.61,06/24/2022,19.63,19.43,19.75
06/30/2016,10.58,10.43,10.4,06/29/2017,11.04,11.07,11.13,06/28/2018,11.29,11.12,11.34,06/27/2019,9.68,9.59,9.7,06/24/2020,10.25,10.22,10.25,06/25/2021,17.51,17.61,17.7,06/27/2022,19.92,19.72,20.01
07/04/2016,10.53,10.38,10.35,06/30/2017,11.09,10.96,11.08,06/29/2018,11.26,11.21,11.34,06/28/2019,9.77,9.68,9.79,06/25/2020,10.19,10.17,10.2,06/28/2021,17.88,17.85,18.02,06/28/2022,19.87,19.6,19.94
07/05/2016,10.31,10.14,10.11,07/04/2017,11.24,11.09,11.2,07/02/2018,11.24,11.21,11.37,07/02/2019,9.67,9.57,9.68,06/26/2020,10.18,10.15,10.18,06/29/2021,18.4,18.34,18.52,06/29/2022,19.93,19.63,20.01
07/06/2016,10.23,10.07,10.04,07/05/2017,11.67,11.72,11.76,07/03/2018,11.22,11.16,11.28,07/03/2019,9.65,9.55,9.67,06/29/2020,10.29,10.27,10.3,06/30/2021,18.74,18.68,18.86,06/30/2022,19.55,19.26,19.57
07/07/2016,9.83,9.66,9.63,07/06/2017,11.7,11.73,11.75,07/04/2018,11.09,11.05,11.16,07/04/2019,9.59,9.55,9.64,06/30/2020,10.35,10.32,10.35,07/01/2021,18.06,17.93,18.08,07/01/2022,19.67,19.33,19.7
07/08/2016,10,9.83,9.81,07/07/2017,11.67,11.69,11.71,07/05/2018,11.09,11.06,11.18,07/05/2019,9.48,9.38,9.49,07/01/2020,10.38,10.39,10.41,07/02/2021,18.95,18.76,18.99,07/04/2022,18.98,18.61,19.02
07/11/2016,10.02,9.84,9.82,07/10/2017,11.95,11.98,11.99,07/06/2018,11.22,11.21,11.32,07/08/2019,9.58,9.48,9.59,07/02/2020,10.39,10.35,10.4,07/05/2021,17.95,17.7,17.92,07/05/2022,18.56,18.2,18.59
07/12/2016,10.13,9.95,9.93,07/11/2017,11.88,11.9,11.92,07/09/2018,11.11,11.1,11.21,07/09/2019,9.61,9.52,9.62,07/03/2020,10.36,10.37,10.39,07/06/2021,17.56,17.41,17.64,07/06/2022,18.52,18.23,18.53
07/13/2016,10.29,10.11,10.08,07/12/2017,11.58,11.6,11.62,07/10/2018,11.01,10.92,11.13,07/10/2019,9.62,9.48,9.61,07/06/2020,10.44,10.41,10.46,07/07/2021,17.95,17.82,18.04,07/07/2022,19.05,18.77,19.07
07/14/2016,10.16,9.99,9.97,07/13/2017,11.32,11.34,11.36,07/11/2018,10.82,10.73,10.93,07/11/2019,9.62,9.51,9.63,07/07/2020,10.47,10.44,10.49,07/08/2021,18.42,18.28,18.5,07/08/2022,19.19,18.9,19.21
07/15/2016,10.01,9.83,9.81,07/14/2017,11.42,11.44,11.46,07/12/2018,10.79,10.67,10.91,07/12/2019,9.71,9.59,9.71,07/08/2020,10.45,10.42,10.46,07/09/2021,19.1,18.96,19.18,07/11/2022,19.46,19.17,19.48
07/18/2016,10.02,9.85,9.82,07/17/2017,11.11,10.95,11.03,07/13/2018,10.62,10.5,10.73,07/15/2019,9.62,9.5,9.62,07/09/2020,10.5,10.47,10.52,07/12/2021,20.05,19.89,20.12,07/12/2022,18.73,18.43,18.73
07/19/2016,9.86,9.68,9.66,07/18/2017,11.41,11.37,11.41,07/16/2018,10.67,10.55,10.79,07/16/2019,9.58,9.47,9.59,07/10/2020,10.45,10.41,10.46,07/13/2021,20.66,20.51,20.73,07/13/2022,18.62,18.33,18.64
07/20/2016,9.86,9.68,9.66,07/19/2017,11.37,11.3,11.34,07/17/2018,10.69,10.57,10.81,07/17/2019,9.56,9.44,9.56,07/13/2020,10.41,10.36,10.41,07/14/2021,20.14,19.98,20.19,07/14/2022,18.94,18.64,18.95
07/21/2016,9.84,9.66,9.64,07/20/2017,11.44,11.37,11.4,07/18/2018,10.77,10.65,10.87,07/18/2019,9.6,9.47,9.59,07/14/2020,10.45,10.41,10.45,07/15/2021,20.56,20.4,20.62,07/15/2022,18.92,18.64,18.95
07/22/2016,9.59,9.42,9.39,07/21/2017,11.31,11.24,11.28,07/19/2018,10.8,10.68,10.9,07/19/2019,9.74,9.57,9.68,07/15/2020,10.42,10.38,10.43,07/16/2021,20.69,20.54,20.74,07/18/2022,19.18,18.92,19.22
07/25/2016,9.42,9.24,9.22,07/24/2017,11.06,10.98,11.02,07/20/2018,10.73,10.62,10.83,07/22/2019,9.68,9.51,9.62,07/16/2020,10.52,10.57,10.59,07/19/2021,20.38,20.26,20.5,07/19/2022,18.8,18.54,18.84
07/26/2016,9.5,9.32,9.29,07/25/2017,10.96,10.88,10.92,07/23/2018,10.65,10.54,10.75,07/23/2019,9.69,9.52,9.64,07/17/2020,10.62,10.67,10.69,07/20/2021,20.61,20.48,20.72,07/20/2022,18.31,18.04,18.35
07/27/2016,9.65,9.47,9.45,07/26/2017,11.14,11.06,11.1,07/24/2018,10.73,10.61,10.83,07/24/2019,9.74,9.57,9.69,07/20/2020,10.65,10.71,10.73,07/21/2021,19.97,19.84,20.09,07/21/2022,17.81,17.5,17.86
07/28/2016,9.59,9.41,9.39,07/27/2017,11.29,11.2,11.24,07/25/2018,10.72,10.6,10.82,07/25/2019,9.72,9.55,9.67,07/21/2020,10.57,10.53,10.58,07/22/2021,20.01,19.88,20.12,07/22/2022,18.01,17.71,18.06
07/29/2016,9.64,9.47,9.45,07/28/2017,11.41,11.28,11.36,07/26/2018,10.79,10.65,10.89,07/26/2019,9.74,9.59,9.7,07/22/2020,10.53,10.46,10.55,07/23/2021,19.86,19.74,19.9,07/25/2022,17.84,17.54,17.9
08/02/2016,9.34,9.24,9.21,07/31/2017,11.37,11.25,11.32,07/27/2018,10.81,10.67,10.91,07/29/2019,9.69,9.53,9.64,07/23/2020,10.57,10.5,10.59,07/26/2021,20.36,20.22,20.47,07/26/2022,18.12,17.9,18.25
08/03/2016,9.31,9.2,9.18,08/01/2017,11.02,10.82,10.91,07/30/2018,10.81,10.67,10.91,07/30/2019,9.66,9.5,9.62,07/24/2020,10.62,10.56,10.64,07/27/2021,20.29,20.17,20.41,07/27/2022,18.36,18.14,18.49
08/04/2016,9.33,9.29,9.22,08/02/2017,11.1,10.88,11,07/31/2018,10.97,10.83,11.07,07/31/2019,9.56,9.4,9.52,07/27/2020,10.64,10.58,10.64,07/28/2021,20.05,19.91,20.16,07/28/2022,19.25,19.03,19.38
08/05/2016,9.39,9.36,9.28,08/03/2017,11.02,10.83,10.94,08/01/2018,10.58,10.21,10.38,08/01/2019,9.46,9.37,9.45,07/28/2020,10.61,10.55,10.62,07/29/2021,19.91,19.81,20.05,07/29/2022,19.84,19.64,19.98
08/08/2016,9.49,9.45,9.38,08/04/2017,11.08,10.89,11,08/02/2018,10.62,10.26,10.44,08/02/2019,9.52,9.43,9.51,07/29/2020,10.69,10.64,10.7,07/30/2021,19.06,18.97,19.21,08/01/2022,19.22,18.84,19.16
08/09/2016,9.65,9.58,9.51,08/08/2017,11.17,11.02,11.11,08/03/2018,10.57,10.21,10.39,08/06/2019,9.68,9.51,9.61,07/30/2020,10.67,10.61,10.67,08/02/2021,18.8,18.76,18.87,08/02/2022,18.49,18.14,18.48
08/10/2016,9.68,9.61,9.53,08/09/2017,11.32,11.14,11.23,08/06/2018,10.53,10.21,10.33,08/07/2019,9.63,9.53,9.61,07/31/2020,10.7,10.64,10.7,08/03/2021,19.17,19.05,19.2,08/03/2022,17.95,17.66,17.97
08/11/2016,9.71,9.64,9.56,08/10/2017,11.34,11.07,11.16,08/07/2018,10.77,10.41,10.59,08/08/2019,9.7,9.6,9.67,08/04/2020,10.62,10.62,10.66,08/04/2021,19.57,19.45,19.6,08/04/2022,18.48,18.15,18.47
08/12/2016,9.69,9.62,9.54,08/11/2017,11.22,11.04,11.14,08/08/2018,10.96,10.59,10.77,08/09/2019,9.73,9.64,9.72,08/05/2020,10.5,10.41,10.51,08/05/2021,19.72,19.54,19.71,08/05/2022,18.63,18.31,18.62
08/15/2016,9.85,9.78,9.71,08/14/2017,11.11,10.94,11.03,08/09/2018,10.91,10.54,10.73,08/12/2019,9.69,9.6,9.68,08/06/2020,10.51,10.44,10.53,08/06/2021,20,19.82,20,08/08/2022,18.56,18.23,18.54
08/16/2016,9.78,9.72,9.64,08/15/2017,10.93,10.76,10.85,08/10/2018,10.82,10.46,10.64,08/13/2019,9.64,9.57,9.64,08/07/2020,10.52,10.44,10.53,08/09/2021,19.78,19.57,19.78,08/09/2022,18.72,18.39,18.71
08/17/2016,9.79,9.72,9.66,08/16/2017,10.92,10.72,10.82,08/13/2018,10.83,10.44,10.63,08/14/2019,9.67,9.6,9.67,08/10/2020,10.48,10.41,10.5,08/10/2021,19.69,19.52,19.69,08/10/2022,18.75,18.43,18.75
08/18/2016,9.77,9.69,9.65,08/17/2017,11.08,10.89,10.98,08/14/2018,10.84,10.44,10.63,08/15/2019,9.69,9.62,9.69,08/11/2020,10.38,10.31,10.4,08/11/2021,19.94,19.76,19.93,08/11/2022,19.01,18.67,19
08/19/2016,9.79,9.68,9.65,08/18/2017,11.23,11.04,11.13,08/15/2018,10.78,10.37,10.56,08/16/2019,9.71,9.65,9.72,08/12/2020,10.42,10.34,10.43,08/12/2021,19.9,19.74,19.95,08/12/2022,18.82,18.48,18.77
08/22/2016,9.82,9.71,9.68,08/21/2017,11.2,11,11.09,08/16/2018,10.92,10.51,10.7,08/19/2019,9.67,9.6,9.67,08/13/2020,10.42,10.35,10.44,08/13/2021,20.14,20.03,20.2,08/15/2022,18.26,17.91,18.23
08/23/2016,9.86,9.75,9.72,08/22/2017,11.26,11.06,11.16,08/17/2018,10.93,10.52,10.71,08/20/2019,9.79,9.63,9.73,08/14/2020,10.39,10.31,10.4,08/16/2021,20.56,20.39,20.61,08/16/2022,17.74,17.39,17.71
08/24/2016,9.78,9.67,9.61,08/23/2017,11.29,11.09,11.19,08/20/2018,10.95,10.54,10.73,08/21/2019,9.73,9.66,9.74,08/17/2020,10.44,10.36,10.45,08/17/2021,20.71,20.54,20.75,08/17/2022,17.79,17.44,17.76
08/25/2016,9.57,9.47,9.4,08/24/2017,11.2,10.99,11.09,08/21/2018,10.85,10.44,10.63,08/22/2019,9.72,9.66,9.76,08/18/2020,10.46,10.38,10.47,08/18/2021,20.4,20.24,20.44,08/18/2022,17.77,17.44,17.75
08/26/2016,9.57,9.47,9.41,08/25/2017,11.12,10.92,11.04,08/22/2018,10.72,10.31,10.5,08/23/2019,9.66,9.59,9.67,08/19/2020,10.46,10.38,10.47,08/19/2021,20.08,19.92,20.13,08/19/2022,17.87,17.5,17.84
08/29/2016,9.52,9.39,9.32,08/28/2017,11.13,10.93,11.05,08/23/2018,10.61,10.2,10.39,08/26/2019,9.62,9.56,9.63,08/20/2020,10.34,10.27,10.36,08/20/2021,19.5,19.33,19.54,08/22/2022,18.51,18.15,18.49
08/30/2016,9.43,9.3,9.26,08/29/2017,11.06,10.86,10.98,08/24/2018,10.62,10.21,10.4,08/27/2019,9.58,9.51,9.59,08/21/2020,10.41,10.35,10.43,08/23/2021,19.76,19.64,19.8,08/23/2022,18.6,18.23,18.57
08/31/2016,9.54,9.42,9.42,08/30/2017,11.05,10.84,10.96,08/27/2018,10.52,10.11,10.31,08/28/2019,9.6,9.55,9.62,08/24/2020,10.48,10.42,10.5,08/24/2021,20.25,20.14,20.29,08/24/2022,18.53,18.2,18.53
09/01/2016,9.63,9.49,9.51,08/31/2017,11.11,10.86,10.99,08/28/2018,10.43,10.01,10.21,08/29/2019,9.61,9.54,9.62,08/25/2020,10.52,10.45,10.54,08/25/2021,20.63,20.51,20.66,08/25/2022,18.3,17.98,18.31
09/02/2016,9.7,9.56,9.58,09/01/2017,10.69,10.44,10.61,08/29/2018,10.56,10.01,10.31,08/30/2019,9.61,9.54,9.65,08/26/2020,10.57,10.51,10.6,08/26/2021,20.63,20.5,20.65,08/26/2022,18.81,18.48,18.81
09/06/2016,9.61,9.46,9.48,09/05/2017,10.68,10.44,10.61,08/30/2018,10.57,10.16,10.39,09/03/2019,9.6,9.52,9.61,08/27/2020,10.62,10.55,10.65,08/27/2021,20.59,20.46,20.61,08/29/2022,18.41,18.08,18.41
09/07/2016,9.59,9.43,9.47,09/06/2017,10.68,10.44,10.6,08/31/2018,10.66,10.16,10.39,09/04/2019,9.58,9.5,9.59,08/28/2020,10.66,10.6,10.69,08/30/2021,20.3,20.21,20.35,08/30/2022,18.52,18.15,18.5
09/08/2016,9.68,9.52,9.56,09/07/2017,10.57,10.32,10.49,09/03/2018,10.59,10.16,10.37,09/05/2019,9.55,9.47,9.56,08/31/2020,10.64,10.58,10.67,08/31/2021,20.21,20.07,20.24,08/31/2022,18.3,18,18.29
09/09/2016,9.74,9.57,9.61,09/08/2017,10.53,10.27,10.44,09/04/2018,10.61,10.23,10.43,09/06/2019,9.55,9.42,9.52,09/01/2020,10.71,10.64,10.74,09/01/2021,20.17,20.07,20.2,09/01/2022,17.86,17.46,17.9
09/12/2016,9.59,9.44,9.46,09/11/2017,10.44,10.18,10.35,09/05/2018,10.6,10.22,10.43,09/09/2019,9.48,9.35,9.46,09/02/2020,10.77,10.7,10.79,09/02/2021,20.2,20.11,20.23,09/02/2022,17.98,17.58,18.02
09/13/2016,9.53,9.38,9.41,09/12/2017,10.41,10.15,10.32,09/06/2018,10.64,10.35,10.55,09/10/2019,9.47,9.34,9.45,09/03/2020,10.75,10.67,10.76,09/03/2021,20.06,19.96,20.1,09/05/2022,17.98,17.58,18.02
09/14/2016,9.57,9.41,9.44,09/13/2017,10.47,10.21,10.38,09/07/2018,10.62,10.31,10.54,09/11/2019,9.51,9.38,9.49,09/04/2020,10.76,10.67,10.76,09/06/2021,20.02,19.96,20.09,09/06/2022,17.57,17.16,17.6
09/15/2016,9.52,9.36,9.39,09/14/2017,10.5,10.25,10.42,09/10/2018,10.58,10.31,10.59,09/12/2019,9.65,9.51,9.62,09/07/2020,10.8,10.73,10.82,09/07/2021,19.91,19.83,19.95,09/07/2022,17.32,16.89,17.34
09/16/2016,9.56,9.37,9.47,09/15/2017,10.5,10.26,10.44,09/11/2018,10.51,10.31,10.53,09/13/2019,9.68,9.57,9.67,09/08/2020,10.91,10.83,10.93,09/08/2021,19.96,19.86,19.99,09/08/2022,16.96,16.51,16.96
09/19/2016,9.66,9.46,9.56,09/18/2017,10.53,10.28,10.46,09/12/2018,10.47,10.31,10.48,09/16/2019,9.75,9.64,9.74,09/09/2020,10.78,10.71,10.8,09/09/2021,19.25,19.12,19.27,09/09/2022,16.99,16.55,16.99
09/20/2016,9.85,9.65,9.77,09/19/2017,10.59,10.35,10.53,09/13/2018,10.44,10.31,10.45,09/17/2019,9.74,9.64,9.74,09/10/2020,10.88,10.81,10.9,09/10/2021,19.25,19.12,19.28,09/12/2022,17.64,17.19,17.64
09/21/2016,9.73,9.53,9.64,09/20/2017,10.62,10.37,10.54,09/14/2018,10.52,10.22,10.45,09/18/2019,9.74,9.63,9.73,09/11/2020,11.05,10.98,11.07,09/13/2021,19.42,19.28,19.44,09/13/2022,17.67,17.23,17.68
09/22/2016,9.88,9.68,9.8,09/21/2017,10.61,10.35,10.53,09/17/2018,10.47,10.17,10.4,09/19/2019,9.7,9.6,9.7,09/14/2020,11.2,11.11,11.21,09/14/2021,19.66,19.52,19.68,09/14/2022,17.55,17.12,17.54
09/23/2016,9.82,9.62,9.74,09/22/2017,10.67,10.41,10.59,09/18/2018,10.42,10.12,10.35,09/20/2019,9.62,9.52,9.62,09/15/2020,11.14,11.06,11.15,09/15/2021,19.84,19.7,19.85,09/15/2022,17.37,16.95,17.37
09/26/2016,9.8,9.6,9.72,09/25/2017,10.68,10.42,10.6,09/19/2018,10.43,10.13,10.36,09/23/2019,9.64,9.54,9.64,09/16/2020,11.36,11.27,11.36,09/16/2021,19.69,19.58,19.81,09/16/2022,17.43,17.05,17.45
09/27/2016,9.76,9.56,9.67,09/26/2017,10.61,10.35,10.53,09/20/2018,10.48,10.18,10.41,09/24/2019,9.68,9.57,9.67,09/17/2020,11.39,11.31,11.4,09/17/2021,19.65,19.53,19.77,09/19/2022,17.3,16.91,17.32
09/28/2016,9.72,9.53,9.64,09/27/2017,10.62,10.36,10.54,09/21/2018,10.5,10.19,10.43,09/25/2019,9.66,9.56,9.66,09/18/2020,11.38,11.29,11.39,09/20/2021,19.36,19.25,19.48,09/20/2022,17.32,16.91,17.33
09/29/2016,9.74,9.55,9.66,09/28/2017,10.58,10.32,10.5,09/24/2018,10.49,10.19,10.42,09/26/2019,9.64,9.53,9.63,09/21/2020,11.27,11.18,11.28,09/21/2021,19.34,19.24,19.47,09/21/2022,17.7,17.29,17.7
09/30/2016,9.71,9.52,9.63,09/29/2017,10.6,10.36,10.54,09/25/2018,10.52,10.22,10.45,09/27/2019,9.59,9.48,9.58,09/22/2020,11.15,11.06,11.16,09/22/2021,19.5,19.39,19.62,09/22/2022,18.09,17.68,18.1
10/03/2016,9.91,9.58,9.73,10/02/2017,10.7,10.37,10.52,09/26/2018,10.61,10.31,10.54,09/30/2019,9.72,9.61,9.71,09/23/2020,11.08,11,11.09,09/23/2021,19.71,19.61,19.83,09/23/2022,18.07,17.66,18.08
10/04/2016,9.93,9.61,9.76,10/03/2017,10.73,10.4,10.56,09/27/2018,10.69,10.39,10.62,10/01/2019,9.78,9.64,9.74,09/24/2020,10.89,10.8,10.9,09/24/2021,19.95,19.84,20.07,09/26/2022,18.24,17.82,18.25
10/05/2016,9.93,9.61,9.76,10/04/2017,10.74,10.41,10.57,09/28/2018,10.71,10.39,10.59,10/02/2019,9.84,9.72,9.81,09/25/2020,11.05,10.97,11.06,09/27/2021,19.86,19.74,19.98,09/27/2022,18.31,17.89,18.32
10/06/2016,9.95,9.63,9.78,10/05/2017,10.78,10.45,10.61,10/01/2018,10.75,10.37,10.58,10/03/2019,9.92,9.8,9.89,09/28/2020,10.96,10.88,10.97,09/28/2021,19.91,19.79,20.01,09/28/2022,18.52,18.1,18.53
10/07/2016,10,9.68,9.84,10/06/2017,10.81,10.48,10.65,10/02/2018,10.83,10.44,10.66,10/04/2019,9.95,9.83,9.93,09/29/2020,10.91,10.8,10.93,09/29/2021,20.08,19.95,20.17,09/29/2022,18.83,18.41,18.84
10/11/2016,10.1,9.78,9.93,10/10/2017,10.78,10.45,10.61,10/03/2018,10.86,10.48,10.69,10/07/2019,9.99,9.87,9.96,09/30/2020,11.1,10.98,11.12,09/30/2021,20.11,19.97,20.11,09/30/2022,18.86,18.51,18.91
10/12/2016,10.11,9.79,9.94,10/11/2017,10.75,10.4,10.57,10/04/2018,10.87,10.47,10.69,10/08/2019,10.02,9.89,9.99,10/01/2020,11.05,10.92,11.06,10/01/2021,20.3,20.16,20.41,10/03/2022,19.14,18.86,19.14
10/13/2016,10.24,9.92,10.07,10/12/2017,10.8,10.45,10.63,10/05/2018,10.92,10.53,10.74,10/09/2019,9.98,9.86,9.95,10/02/2020,11.05,10.92,11.05,10/04/2021,20.38,20.22,20.5,10/04/2022,19.13,18.85,19.14
10/14/2016,10.4,10.09,10.24,10/13/2017,10.87,10.52,10.7,10/08/2018,10.93,10.53,10.73,10/10/2019,9.88,9.73,9.83,10/05/2020,11.17,11.04,11.18,10/05/2021,20.69,20.53,20.81,10/05/2022,19.35,19.07,19.36
10/17/2016,10.59,10.35,10.45,10/16/2017,10.86,10.52,10.7,10/09/2018,10.88,10.49,10.71,10/11/2019,9.88,9.74,9.84,10/06/2020,11.28,11.16,11.29,10/06/2021,20.72,20.55,20.76,10/06/2022,19.26,19.01,19.29
10/18/2016,10.58,10.38,10.48,10/17/2017,10.89,10.53,10.71,10/10/2018,10.81,10.43,10.63,10/15/2019,9.92,9.78,9.88,10/07/2020,11.28,11.16,11.29,10/07/2021,20.77,20.76,20.85,10/07/2022,19.27,19.04,19.31
10/19/2016,10.74,10.54,10.63,10/18/2017,10.87,10.51,10.69,10/11/2018,10.8,10.42,10.62,10/16/2019,9.88,9.74,9.85,10/08/2020,11.22,11.1,11.23,10/08/2021,20.82,20.75,20.85,10/10/2022,19.27,19.04,19.31
10/20/2016,10.65,10.45,10.54,10/19/2017,10.95,10.58,10.76,10/12/2018,10.75,10.38,10.58,10/17/2019,9.81,9.68,9.78,10/09/2020,11.32,11.21,11.33,10/11/2021,20.76,20.75,20.84,10/11/2022,19.11,18.83,19.12
10/21/2016,10.68,10.47,10.57,10/20/2017,10.92,10.61,10.79,10/15/2018,10.83,10.46,10.65,10/18/2019,9.73,9.6,9.7,10/12/2020,11.4,11.31,11.44,10/12/2021,20.24,20.17,20.27,10/12/2022,19.21,18.91,19.21
10/24/2016,10.83,10.6,10.71,10/23/2017,10.93,10.62,10.8,10/16/2018,10.71,10.34,10.53,10/21/2019,9.69,9.55,9.66,10/13/2020,11.28,11.16,11.29,10/13/2021,20.29,20.22,20.32,10/13/2022,19.3,19.07,19.35
10/25/2016,10.82,10.58,10.69,10/24/2017,10.9,10.59,10.77,10/17/2018,10.75,10.39,10.58,10/22/2019,9.74,9.6,9.71,10/14/2020,11.3,11.19,11.31,10/14/2021,20.46,20.38,20.49,10/14/2022,19.22,18.92,19.25
10/26/2016,10.92,10.68,10.79,10/25/2017,11,10.69,10.87,10/18/2018,10.65,10.28,10.47,10/23/2019,9.74,9.61,9.71,10/15/2020,11.29,11.17,11.29,10/15/2021,20.57,20.46,20.59,10/17/2022,19.07,18.78,19.1
10/27/2016,10.94,10.71,10.82,10/26/2017,11.07,10.74,10.93,10/19/2018,10.78,10.42,10.61,10/24/2019,9.8,9.67,9.77,10/16/2020,11.31,11.21,11.32,10/18/2021,20.71,20.58,20.73,10/18/2022,19.21,18.93,19.26
10/28/2016,11.02,10.79,10.9,10/27/2017,11.11,10.8,10.99,10/22/2018,10.71,10.35,10.54,10/25/2019,9.8,9.72,9.77,10/19/2020,11.4,11.32,11.42,10/19/2021,21.03,20.91,21.05,10/19/2022,19.33,19.02,19.41
10/31/2016,10.99,10.78,10.88,10/30/2017,11.09,10.84,11.01,10/23/2018,10.63,10.27,10.46,10/28/2019,9.74,9.66,9.71,10/20/2020,11.53,11.44,11.55,10/20/2021,21.32,21.19,21.33,10/20/2022,19.5,19.16,19.55
11/01/2016,10.89,10.69,10.81,10/31/2017,11.13,10.87,11.05,10/24/2018,10.53,10.15,10.35,10/29/2019,9.73,9.65,9.7,10/21/2020,11.69,11.6,11.69,10/21/2021,20.93,20.8,20.94,10/21/2022,19.62,19.25,19.66
11/02/2016,10.94,10.74,10.86,11/01/2017,11.2,10.94,11.12,10/25/2018,10.53,10.16,10.35,10/30/2019,9.7,9.62,9.67,10/22/2020,11.63,11.52,11.61,10/22/2021,20.88,20.75,20.89,10/24/2022,19.59,19.29,19.68
11/03/2016,10.89,10.7,10.82,11/02/2017,11.21,10.93,11.11,10/26/2018,10.54,10.17,10.36,10/31/2019,9.65,9.57,9.63,10/23/2020,11.71,11.61,11.7,10/25/2021,21.29,21.16,21.31,10/25/2022,19.27,18.96,19.36
11/04/2016,10.76,10.57,10.69,11/03/2017,11.12,10.84,11.03,10/29/2018,10.51,10.14,10.33,11/01/2019,9.71,9.63,9.68,10/26/2020,11.65,11.52,11.63,10/26/2021,21.51,21.4,21.57,10/26/2022,19.49,19.2,19.57
11/07/2016,10.69,10.47,10.69,11/06/2017,11.16,10.89,11.07,10/30/2018,10.47,10.1,10.29,11/04/2019,9.8,9.72,9.77,10/27/2020,11.55,11.43,11.54,10/27/2021,21.67,21.53,21.72,10/27/2022,19.35,19.06,19.44
11/08/2016,10.82,10.64,10.76,11/07/2017,11.21,10.91,11.09,10/31/2018,10.43,10.06,10.25,11/05/2019,9.83,9.76,9.81,10/28/2020,11.37,11.24,11.35,10/28/2021,21.55,21.41,21.59,10/28/2022,19.26,18.96,19.34
11/09/2016,10.77,10.59,10.71,11/08/2017,11.22,10.93,11.11,11/01/2018,10.55,10.19,10.37,11/06/2019,9.83,9.77,9.81,10/29/2020,11.45,11.33,11.43,10/29/2021,21.58,21.46,21.64,10/31/2022,19.59,19.3,19.63
11/10/2016,10.94,10.71,10.71,11/09/2017,11.12,10.83,11.01,11/02/2018,10.45,10.09,10.28,11/07/2019,9.82,9.75,9.79,10/30/2020,11.52,11.4,11.51,11/01/2021,21.97,21.83,22.04,11/01/2022,19.77,19.52,19.84
11/14/2016,10.84,10.71,10.71,11/10/2017,11.1,10.8,10.99,11/05/2018,10.38,10.01,10.21,11/08/2019,9.86,9.78,9.83,11/02/2020,11.49,11.37,11.49,11/02/2021,22.43,22.3,22.51,11/02/2022,19.99,19.74,20.06
11/15/2016,10.87,10.71,10.71,11/14/2017,11.05,10.75,10.94,11/06/2018,10.37,10.01,10.21,11/12/2019,9.84,9.76,9.81,11/03/2020,11.55,11.42,11.54,11/03/2021,22.43,22.29,22.5,11/03/2022,19.97,19.73,20.02
11/16/2016,10.91,10.71,10.71,11/15/2017,11.2,10.9,11.09,11/07/2018,10.39,10.03,10.23,11/13/2019,9.83,9.75,9.81,11/04/2020,11.68,11.54,11.67,11/04/2021,22.16,22.02,22.18,11/04/2022,19.85,19.55,19.85
11/17/2016,11,10.76,10.85,11/16/2017,11.16,10.85,11.04,11/08/2018,10.37,10.01,10.21,11/14/2019,9.84,9.76,9.81,11/05/2020,11.79,11.65,11.78,11/05/2021,22.06,21.9,22.07,11/07/2022,19.81,19.5,19.81
11/18/2016,10.95,10.76,10.85,11/17/2017,11.21,10.91,11.1,11/09/2018,10.37,10.01,10.21,11/15/2019,9.86,9.77,9.83,11/06/2020,11.69,11.56,11.68,11/08/2021,22.12,22.05,22.14,11/08/2022,19.6,19.21,19.57
11/21/2016,11.11,10.88,10.85,11/20/2017,11.15,10.85,11.05,11/12/2018,10.39,10.01,10.18,11/18/2019,9.87,9.78,9.84,11/09/2020,11.73,11.58,11.71,11/09/2021,22.39,22.32,22.5,11/09/2022,19.8,19.43,19.81
11/22/2016,11.09,10.86,10.85,11/21/2017,11.14,10.84,11.04,11/13/2018,10.35,9.99,10.18,11/19/2019,9.92,9.83,9.89,11/10/2020,12,11.87,12,11/10/2021,22.73,22.58,22.78,11/10/2022,19.58,19.21,19.58
11/23/2016,11.25,10.86,10.85,11/22/2017,11.14,10.84,11.04,11/14/2018,10.29,9.93,10.12,11/20/2019,9.95,9.87,9.92,11/11/2020,12.02,11.91,12.05,11/11/2021,22.69,22.61,22.79,11/11/2022,19.51,19.2,19.55
11/24/2016,11.19,11.02,11.15,11/23/2017,11.09,10.79,10.99,11/15/2018,10.29,9.93,10.13,11/21/2019,9.87,9.79,9.84,11/12/2020,12.03,11.91,12.03,11/12/2021,23.06,22.95,23.13,11/14/2022,19.66,19.31,19.68
11/25/2016,11.26,11.04,11.15,11/24/2017,11.03,10.73,10.93,11/16/2018,10.26,9.89,10.09,11/22/2019,9.89,9.81,9.86,11/13/2020,12.05,11.93,12.05,11/15/2021,22.79,22.6,22.82,11/15/2022,19.84,19.47,19.86
11/28/2016,11.14,11.04,11.08,11/27/2017,10.96,10.66,10.86,11/19/2018,10.17,9.81,10.01,11/25/2019,9.77,9.69,9.74,11/16/2020,12.02,11.89,12.02,11/16/2021,22.91,22.78,22.97,11/16/2022,19.51,19.11,19.49
11/29/2016,11,10.81,10.94,11/28/2017,10.99,10.69,10.89,11/20/2018,10.28,9.92,10.12,11/26/2019,9.72,9.64,9.7,11/17/2020,12.12,11.99,12.12,11/17/2021,22.57,22.44,22.63,11/17/2022,19.08,18.7,19.09
11/30/2016,11.14,10.95,11.08,11/29/2017,11.04,10.74,10.95,11/21/2018,10.3,9.94,10.14,11/27/2019,9.76,9.68,9.73,11/18/2020,12.26,12.14,12.27,11/18/2021,22.71,22.64,22.8,11/18/2022,18.95,18.56,18.95
12/01/2016,11.22,11.02,11.11,11/30/2017,11.02,10.72,10.93,11/22/2018,10.25,9.89,10.09,11/28/2019,9.77,9.68,9.78,11/19/2020,12.3,12.16,12.29,11/19/2021,22.56,22.51,22.66,11/21/2022,18.68,18.31,18.69
12/02/2016,11.27,11.02,11.11,12/01/2017,11.05,10.75,10.93,11/23/2018,10.23,9.87,10.07,11/29/2019,9.71,9.63,9.69,11/20/2020,12.36,12.22,12.35,11/22/2021,22.87,22.81,22.98,11/22/2022,18.48,18.11,18.49
12/05/2016,11.21,11.02,11.1,12/04/2017,11.08,10.79,10.97,11/26/2018,10.14,9.78,9.98,12/02/2019,9.74,9.64,9.71,11/23/2020,12.5,12.42,12.51,11/23/2021,22.93,22.87,23.03,11/23/2022,18.31,17.94,18.32
12/06/2016,11.24,11.04,11.13,12/05/2017,11.14,10.84,11.02,11/27/2018,10.19,9.96,10.14,12/03/2019,9.8,9.64,9.83,11/24/2020,12.34,12.26,12.35,11/24/2021,23.06,22.92,23.12,11/24/2022,18.11,17.74,18.14
12/07/2016,11.26,11.08,11.17,12/06/2017,11.09,10.79,10.97,11/28/2018,10.3,10.07,10.25,12/04/2019,9.79,9.64,9.83,11/25/2020,12.43,12.37,12.46,11/25/2021,23.12,22.96,23.16,11/25/2022,17.96,17.59,17.99
12/08/2016,11.12,10.89,10.98,12/07/2017,11.07,10.77,10.95,11/29/2018,10.3,10.07,10.24,12/05/2019,9.83,9.64,9.87,11/26/2020,12.37,12.29,12.39,11/26/2021,23.16,23,23.22,11/28/2022,18.01,17.62,18.03
12/09/2016,11.06,10.89,10.98,12/08/2017,11.06,10.76,10.94,11/30/2018,10.31,10.08,10.26,12/06/2019,9.88,9.78,9.85,11/27/2020,12.53,12.46,12.55,11/29/2021,22.84,22.66,22.88,11/29/2022,18.44,18.08,18.46
12/12/2016,11.04,10.89,10.98,12/11/2017,11,10.7,10.88,12/03/2018,10.51,10.21,10.38,12/09/2019,9.9,9.8,9.87,11/30/2020,12.43,12.36,12.45,11/30/2021,21.91,21.69,21.88,11/30/2022,18.64,18.25,18.64
12/13/2016,11,10.82,10.91,12/12/2017,10.96,10.66,10.84,12/04/2018,10.54,10.24,10.41,12/10/2019,9.89,9.79,9.86,12/01/2020,12.66,12.59,12.68,12/01/2021,22.23,21.97,22.27,12/01/2022,18.11,17.83,18.2
12/14/2016,11,10.82,10.91,12/13/2017,10.91,10.61,10.79,12/05/2018,10.54,10.27,10.44,12/11/2019,9.78,9.68,9.75,12/02/2020,12.56,12.5,12.59,12/02/2021,22.68,22.45,22.72,12/02/2022,18.82,18.5,18.88
12/15/2016,11.04,10.85,10.96,12/14/2017,10.81,10.51,10.69,12/06/2018,10.6,10.33,10.49,12/12/2019,9.89,9.78,9.85,12/03/2020,12.76,12.69,12.78,12/03/2021,22.93,22.62,22.93,12/05/2022,19.03,18.72,19.08
12/16/2016,11.11,10.85,10.96,12/15/2017,10.83,10.52,10.7,12/07/2018,10.58,10.31,10.47,12/13/2019,9.95,9.78,9.95,12/04/2020,12.82,12.78,12.87,12/06/2021,22.91,22.59,22.91,12/06/2022,18.82,18.51,18.86
12/19/2016,11.1,10.85,10.99,12/18/2017,10.81,10.52,10.69,12/10/2018,10.63,10.35,10.52,12/16/2019,9.97,9.87,9.94,12/07/2020,12.79,12.75,12.84,12/07/2021,22.83,22.52,22.83,12/07/2022,19.13,18.83,19.18
12/20/2016,11,10.85,10.99,12/19/2017,10.86,10.57,10.73,12/11/2018,10.58,10.3,10.46,12/17/2019,10.06,9.96,10.03,12/08/2020,12.63,12.58,12.68,12/08/2021,22.54,22.24,22.46,12/08/2022,19.35,19.02,19.41
12/21/2016,10.98,10.85,10.99,12/20/2017,10.91,10.58,10.75,12/12/2018,10.58,10.29,10.48,12/18/2019,10.05,9.94,10.02,12/09/2020,12.6,12.6,12.68,12/09/2021,22.49,22.18,22.4,12/09/2022,19.37,19.04,19.4
12/22/2016,10.88,10.85,10.99,12/21/2017,10.83,10.51,10.68,12/13/2018,10.53,10.24,10.43,12/19/2019,10.09,9.99,10.07,12/10/2020,12.62,12.62,12.71,12/10/2021,22.45,22.13,22.36,12/12/2022,19.22,18.88,19.23
12/23/2016,10.84,10.68,10.76,12/22/2017,10.83,10.51,10.68,12/14/2018,10.44,10.16,10.35,12/20/2019,10.12,10.03,10.1,12/11/2020,12.72,12.73,12.8,12/13/2021,22.5,22.17,22.4,12/13/2022,19.28,18.93,19.29
12/28/2016,10.75,10.68,10.76,12/27/2017,10.71,10.39,10.56,12/17/2018,10.45,10.16,10.35,12/23/2019,10.11,10.02,10.09,12/14/2020,12.82,12.84,12.93,12/14/2021,22.39,22.06,22.29,12/14/2022,19.33,18.96,19.33
12/29/2016,10.62,10.68,10.48,12/28/2017,10.58,10.27,10.44,12/18/2018,10.53,10.17,10.38,12/24/2019,10.17,10.05,10.13,12/15/2020,12.92,12.94,13.02,12/15/2021,22.33,21.99,22.22,12/15/2022,19.2,18.88,19.2
12/30/2016,10.59,10.43,10.51,12/29/2017,10.63,10.3,10.46,12/19/2018,10.55,10.2,10.41,12/25/2019,10.19,10.12,10.17,12/16/2020,12.91,12.92,13,12/16/2021,22.45,22.14,22.35,,,,
,,,,,,,,12/20/2018,10.49,10.14,10.36,12/27/2019,10.09,9.99,10.06,12/17/2020,13.16,13.15,13.24,12/17/2021,22.76,22.45,22.66,,,,
,,,,,,,,12/21/2018,10.46,10.11,10.32,12/30/2019,10.19,10.07,10.15,12/18/2020,13.32,13.34,13.43,12/20/2021,22.74,22.44,22.64,,,,
,,,,,,,,12/24/2018,10.44,10.07,10.31,12/31/2019,10.15,10.02,10.1,12/21/2020,13.51,13.52,13.62,12/21/2021,22.92,22.68,22.89,,,,
,,,,,,,,12/25/2018,10.4,10.07,10.24,,,,,12/22/2020,13.52,13.53,13.63,12/22/2021,22.77,22.48,22.71,,,,
,,,,,,,,12/26/2018,10.4,10.07,10.24,,,,,12/23/2020,13.43,13.39,13.49,12/23/2021,22.57,22.26,22.5,,,,
,,,,,,,,12/27/2018,10.42,10.05,10.28,,,,,12/24/2020,13.58,13.53,13.62,12/24/2021,22.58,22.28,22.52,,,,
,,,,,,,,12/28/2018,10.46,10.38,10.52,,,,,12/25/2020,13.5,13.54,13.6,12/27/2021,22.55,22.28,22.5,,,,
,,,,,,,,12/31/2018,10.45,10.37,10.51,,,,,12/29/2020,13.69,13.7,13.77,12/28/2021,22.95,22.71,22.9,,,,
,,,,,,,,,,,,,,,,12/30/2020,13.67,13.64,13.72,12/29/2021,23.33,23.23,23.33,,,,
,,,,,,,,,,,,,,,,12/31/2020,13.77,13.73,13.82,12/30/2021,23.11,22.98,23.1,,,,
,,,,,,,,,,,,,,,,,,,,12/31/2021,22.77,22.43,22.74,,,,